idTaxon,Famille,Genre,espece
1,Fabaceae,Paloue,sp.C1
2,Euphorbiaceae,Caryodendron,amazonicum
4,Araliaceae,Dendropanax,Indet.
36,Annonaceae,Duguetia,yeshidan
53,Annonaceae,Guatteria,wachenheimi
135,Anacardiaceae,Thyrsodium,guianense
137,Anacardiaceae,Thyrsodium,guianense
137,Anacardiaceae,Thyrsodium,spruceanum
139,Annonaceae,Oxandra,asbeckii
145,Boraginaceae,Cordia,panicularis
152,Indet.,Indet.Indet.,Indet.
173,Annonaceae,Duguetia,inconspicua
181,Burseraceae,Protium,pallidum
190,Annonaceae,Fusaea,longifolia
194,Burseraceae,Protium,spruceanum
202,Annonaceae,Guatteria,guianensis
203,Dilleniaceae,Doliocarpus,Indet.
214,Capparaceae,Capparidastrum,frondosum
219,Capparaceae,Neocalyptrocalyx,leprieurii
220,Capparaceae,Neocalyptrocalyx,maroniensis
220,Indet.,Indet.Indet.,Indet.
222,Annonaceae,Guatteria,schomburgkiana
243,Chrysobalanaceae,Indet.Chrysobalanaceae,sp.B1
247,Annonaceae,Anaxagorea,dolichocarpa
256,Annonaceae,Xylopia,discreta
264,Annonaceae,Xylopia,surinamensis
271,Apocynaceae,Ambelania,acida
272,Apocynaceae,Aspidosperma,album
283,Chrysobalanaceae,Exellodendron,barbatum
291,Apocynaceae,Couma,guianensis
300,Chrysobalanaceae,Hirtella,suffulta
307,Apocynaceae,Couma,guianensis
308,Apocynaceae,Himatanthus,bracteatus
318,Chrysobalanaceae,Licania,guianensis
320,Capparaceae,Neocalyptrocalyx,morii
325,Chrysobalanaceae,Licania,latifolia
333,Chrysobalanaceae,Licania,parviflora
339,Chrysobalanaceae,Licania,rodriguesii
362,Clusiaceae,Tovomita,sp.2
376,Clusiaceae,Tovomita,obovata
377,Clusiaceae,Tovomita,sp.1
383,Clusiaceae,Tovomita,sp.B1
386,Clusiaceae,Tovomita,sp.B5
429,Ebenaceae,Diospyros,lissocarpoides
434,Elaeocarpaceae,Sloanea,brevipes
435,Elaeocarpaceae,Sloanea,echinocarpa
441,Elaeocarpaceae,Sloanea,sinemariensis
536,Euphorbiaceae,Indet.Euphorbiaceae,sp.P4
550,Euphorbiaceae,Pera,glabrata
553,Euphorbiaceae,Sandwithia,guyanensis
556,Euphorbiaceae,Sapium,glandulosum
613,Fabaceae,Elizabetha,princeps
622,Arecaceae,Euterpe,oleracea
647,Fabaceae,Inga,auristellae
663,Fabaceae,Inga,flagelliformis
672,Fabaceae,Inga,lateriflora
686,Fabaceae,Inga,pilosula
701,Fabaceae,Inga,sp.P11
702,Fabaceae,Inga,sp.P12
769,Fabaceae,Platymiscium,pinnatum
815,Fabaceae,Vataireopsis,surinamensis
825,Hernandiaceae,Hernandia,guianensis
827,Humiriaceae,Humiriastrum,excelsum
865,Lauraceae,Aiouea,guianensis
868,Lauraceae,Aiouea,longipetiolata
886,Indet.,Indet.Indet.,Indet.
929,Lauraceae,Indet.Lauraceae,sp.B35
978,Lauraceae,Mezilaurus,sp.1(DS)
990,Lauraceae,Ocotea,diffusa
993,Lauraceae,Ocotea,fendleri
1021,Lauraceae,Rhodostemonodaphne,morii
1023,Lauraceae,Rhodostemonodaphne,saulensis
1025,Lecythidaceae,Corythophora,amapaensis
1026,Lecythidaceae,Corythophora,rimosa
1028,Lecythidaceae,Couratari,stellata
1032,Lecythidaceae,Eschweilera,chartaceifolia
1086,Bignoniaceae,Tabebuia,capitata
1088,Bignoniaceae,Handroanthus,impetiginosus
1089,Bignoniaceae,Tabebuia,insignis
1111,Malvaceae,Catostemma,fragrans
1116,Malvaceae,Eriotheca,longitubulosa
1149,Malvaceae,Sterculia,lisae
1151,Boraginaceae,Cordia,nodosa
1153,Malvaceae,Sterculia,parviflora
1154,Boraginaceae,Cordia,sagotii
1154,Melastomataceae,Miconia,tschudyoides
1167,Malvaceae,Sterculia,speciosa
1186,Melastomataceae,Miconia,affinis
1201,Melastomataceae,Miconia,ruficalyx
1230,Meliaceae,Trichilia,cipo
1234,Meliaceae,Trichilia,micropetala
1239,Moraceae,Brosimum,lactescens
9,Anacardiaceae,Astronium,lecointei
19,Annonaceae,Annona,foetida
20,Annonaceae,Annona,neoelliptica
55,Annonaceae,Pseudoxandra,cuspidata
75,Apocynaceae,Aspidosperma,carapanauba
77,Apocynaceae,Aspidosperma,helstonei
81,Apocynaceae,Geissospermum,argenteum
87,Lauraceae,Licaria,cannella
87,Lauraceae,Licaria,chrysophylla
106,Arecaceae,Astrocaryum,rodriguesii
108,Arecaceae,Attalea,maripa
132,Anacardiaceae,Tapirira,bethanniana
133,Anacardiaceae,Tapirira,guianensis
135,Anacardiaceae,Anacardium,spruceanum
151,Sapotaceae,Chrysophyllum,sp.4
168,Annonaceae,Duguetia,calycina
172,Burseraceae,Protium,demerarense
175,Convolvulaceae,Dicranostyles,integra
178,Burseraceae,Protium,morii
183,Burseraceae,Protium,pilosum
193,Annonaceae,Guatteria,citriodora
202,Annonaceae,Guatteria,citriodora
204,Dilleniaceae,Doliocarpus,sp.1
216,Annonaceae,Guatteria,punctata
217,Indet.,Indet.Indet.,Indet.
223,Fabaceae,Inga,sp.4
224,Celastraceae,Maytenus,floribunda
233,Indet.,Indet.Indet.,Indet.
249,Annonaceae,Unonopsis,rufescens
250,Annonaceae,Unonopsis,stipitata
268,Sapotaceae,Pouteria,sp.19
270,Chrysobalanaceae,Couepia,magnoliifolia
275,Apocynaceae,Aspidosperma,carapanauba
281,Apocynaceae,Aspidosperma,sandwithianum
282,Apocynaceae,Aspidosperma,spruceanum
284,Chrysobalanaceae,Hirtella,araguariensis
294,Chrysobalanaceae,Hirtella,hispidula
303,Chrysobalanaceae,Licania,apetala
305,Apocynaceae,Geissospermum,laeve
306,Apocynaceae,Geissospermum,sericeum
307,Apocynaceae,Himatanthus,bracteatus
311,Chrysobalanaceae,Licania,cyathodes
315,Chrysobalanaceae,Licania,glabriflora
316,Chrysobalanaceae,Licania,granvillei
317,Apocynaceae,Couma,guianensis
326,Chrysobalanaceae,Licania,leptostachya
331,Chrysobalanaceae,Licania,octandra
336,Chrysobalanaceae,Licania,piresii
350,Chrysobalanaceae,Parinari,parvifolia
355,Clusiaceae,Clusia,grandiflora
366,Clusiaceae,Symphonia,Indet.
382,Apocynaceae,Tabernaemontana,attenuata
402,Combretaceae,Buchenavia,guianensis
411,Elaeocarpaceae,Sloanea,meianthera
437,Elaeocarpaceae,Sloanea,latifolia
519,Erythroxylaceae,Erythroxylum,squamatum
524,Euphorbiaceae,Chaetocarpus,sp.1
558,Araliaceae,Schefflera,decaphylla
589,Fabaceae,Copaifera,guianensis
592,Sapotaceae,Chrysophyllum,sp.3CAY-ATDN
594,Fabaceae,Crudia,oblonga
643,Fabaceae,Inga,alata
646,Sapotaceae,Indet.Sapotaceae,sp.3CAY-ATDN
656,Fabaceae,Inga,cordatoalata
662,Fabaceae,Inga,fastuosa
679,Fabaceae,Inga,marginata
683,Fabaceae,Inga,nubium
736,Fabaceae,Ormosia,bolivarensis
750,Fabaceae,Parkia,gigantocarpa
778,Fabaceae,Stryphnodendron,moricolor
792,Fabaceae,Swartzia,longicarpa
809,Fabaceae,Tachigali,richardiana
822,Fabaceae,Zygia,sabatieri
882,Lauraceae,Endlicheria,melinonii
886,Lauraceae,Indet.Lauraceae,Indet.
987,Lauraceae,Ocotea,cernua
995,Lauraceae,Ocotea,leucoxylon
1014,Lauraceae,Ocotea,subterminalis
1033,Lecythidaceae,Eschweilera,collina
1076,Fabaceae,Bauhinia,eilertsii
1078,Malpighiaceae,Byrsonima,altissima
1111,Malvaceae,Catostemma,commune
1154,Annonaceae,Guatteria,punctata
1195,Melastomataceae,Miconia,hypoleuca
1198,Melastomataceae,Miconia,phaeophylla
1241,Moraceae,Ficus,americana
1268,Moraceae,Perebea,guianensis
1269,Moraceae,Perebea,mollis
1272,Moraceae,Pseudolmedia,laevigata
1302,Myrtaceae,Eugenia,exaltata
1304,Myrtaceae,Eugenia,feijoi
1312,Myrtaceae,Eugenia,latifolia
1327,Myrtaceae,Eugenia,sp.FG21
11,Vochysiaceae,Erisma,Indet.
13,Lecythidaceae,Eschweilera,grandiflora_form2
18,Annonaceae,Annona,ambotay
18,Annonaceae,Annona,exsucca
37,Annonaceae,Ephedranthus,guianensis
44,Annonaceae,Guatteria,intermedia
65,Annonaceae,Xylopia,cayennensis
71,Annonaceae,Xylopia,parviflora
76,Apocynaceae,Aspidosperma,desmanthum
79,Apocynaceae,Aspidosperma,schultesii
89,Apocynaceae,Malouetia,guianensis
109,Arecaceae,Euterpe,precatoria
117,Violaceae,Alsodeia,longiflora
125,Anacardiaceae,Anacardium,spruceanum
129,Boraginaceae,Cordia,exaltata
133,Anacardiaceae,Tapirira,obtusa
134,Anacardiaceae,Tapirira,obtusa
135,Burseraceae,Protium,opacum
136,Burseraceae,Protium,opacum
137,Burseraceae,Protium,opacum
138,Boraginaceae,Cordia,goeldiana
139,Annonaceae,Anaxagorea,acuminata
149,Boraginaceae,Cordia,toqueve
152,Annonaceae,Annona,ambotay
153,Annonaceae,Annona,ambotay
154,Annonaceae,Annona,ambotay
169,Burseraceae,Protium,altsonii
182,Annonaceae,Duguetia,pycnastera
184,Burseraceae,Protium,plagiocarpium
207,Calophyllaceae,Caraipa,punctulata
208,Celastraceae,Hippocratea,volubilis
211,Calophyllaceae,Mahurea,palustris
215,Capparaceae,Capparis,baducca
225,Celastraceae,Maytenus,guyanensis
228,Celastraceae,Maytenus,myrsinoides
231,Celastraceae,Maytenus,sp.P1
249,Indet.,Indet.Indet.,Indet.
269,Chrysobalanaceae,Couepia,joaquinae
272,Apocynaceae,Aspidosperma,Indet.
280,Apocynaceae,Aspidosperma,carapanauba
280,Apocynaceae,Aspidosperma,oblongum
310,Apocynaceae,Himatanthus,drasticus
322,Chrysobalanaceae,Licania,laevigata
327,Chrysobalanaceae,Licania,longistyla
356,Moraceae,Brosimum,parinarioides
364,Clusiaceae,Garcinia,madruno
364,Indet.,Indet.Indet.,Indet.
366,Indet.,Indet.Indet.,Indet.
373,Apocynaceae,Rauvolfia,paraensis
382,Indet.,Indet.Indet.,Indet.
406,Lauraceae,Indet.Lauraceae,sp.N13
409,Combretaceae,Buchenavia,tetraphylla
424,Ebenaceae,Diospyros,capreifolia
425,Ebenaceae,Diospyros,cayennensis
430,Ebenaceae,Diospyros,martinii
438,Elaeocarpaceae,Sloanea,laxiflora
495,Elaeocarpaceae,Sloanea,sp.P33
512,Erythroxylaceae,Erythroxylum,citrifolium
557,Euphorbiaceae,Sapium,paucinervium
562,Araliaceae,Schefflera,decaphylla
562,Araliaceae,Schefflera,morototoni
568,Fabaceae,Parkia,Indet.
605,Fabaceae,Dimorphandra,multiflora
650,Fabaceae,Inga,brevipes
652,Arecaceae,Oenocarpus,bacaba
654,Fabaceae,Inga,capitata_form2
689,Fabaceae,Inga,retinocarpa
749,Fabaceae,Parkia,decussata
780,Fabaceae,Stryphnodendron,pulcherrimum
781,Fabaceae,Swartzia,amshoffiana
786,Fabaceae,Swartzia,canescens
813,Fabaceae,Vatairea,paraensis
844,Hypericaceae,Vismia,sp.P1
857,Lacistemataceae,Lacistema,grandifolium
858,Lacistemataceae,Lacistema,polystachyum
861,Lamiaceae,Vitex,guianensis
872,Lauraceae,Aniba,jenmanii
936,Lauraceae,Indet.Lauraceae,sp.B7
988,Lauraceae,Ocotea,cinerea
994,Lauraceae,Ocotea,indirectinervia
998,Lauraceae,Ocotea,percurrens
1019,Lauraceae,Rhodostemonodaphne,kunthiana
1036,Bignoniaceae,Jacaranda,copaia
1069,Lecythidaceae,Lecythis,persistens subsp. aurantiaca
1083,Malpighiaceae,Byrsonima,stipulacea
1092,Malvaceae,Indet.Bombacaceae,Indet.
1112,Malvaceae,Ceiba,pentandra
1125,Malvaceae,Pachira,flaviflora
1141,Malvaceae,Quararibea,duckei
1144,Malvaceae,Quararibea,spatulata
1150,Boraginaceae,Cordia,nervosa
1166,Malvaceae,Sterculia,sp.P1
1212,Melastomataceae,Mouriri,angulicosta
1252,Moraceae,Ficus,maroniensis
1270,Moraceae,Perebea,rubra
1275,Myristicaceae,Iryanthera,hostmannii
1281,Myrtaceae,Calycolpus,revolutus
1298,Myrtaceae,Eugenia,cucullata
1318,Myrtaceae,Eugenia,patens
1332,Myrtaceae,Marlierea,montana
1343,Myrtaceae,Myrcia,platyclada
1372,Burseraceae,Protium,apiculatum
1373,Burseraceae,Protium,aracouchini
1385,Myrtaceae,Indet.Myrtaceae,sp.P22
1392,Burseraceae,Protium,opacum
1400,Burseraceae,Protium,sagotianum
1401,Myrtaceae,Plinia,rivularis
1403,Burseraceae,Protium,tenuifolium
1404,Burseraceae,Protium,trifoliolatum
1412,Burseraceae,Trattinnickia,rhoifolia
1461,Ochnaceae,Quiina,oiapocensis
1472,Olacaceae,Heisteria,ovata
1477,Fabaceae,Cassia,spruceana
1506,Primulaceae,Cybianthus,surinamensis
1521,Fabaceae,Dialium,guianense
1526,Rubiaceae,Amaioua,glomerulata
1534,Rubiaceae,Coussarea,granvillei
1543,Rubiaceae,Faramea,pedunculata
1551,Fabaceae,Eperua,falcata
1563,Rubiaceae,Pagamea,guianensis
1573,Rubiaceae,Rudgea,lanceifolia
1575,Rubiaceae,Stachyarrhena,acuminata
1576,Rubiaceae,Stenostomum,acreanum
1584,Rutaceae,Hortia,excelsa
1586,Rutaceae,Pilocarpus,goudotianus subsp. goudotianus
1603,Salicaceae,Casearia,combaymensis
1630,Salicaceae,Casearia,ulmifolia
1642,Sapindaceae,Allophylus,angustatus
1646,Sapindaceae,Allophylus,robustus
1653,Fabaceae,Swartzia,bannia
1654,Chrysobalanaceae,Couepia,caryophylloides
1654,Fabaceae,Pterocarpus,rohrii
1654,Indet.,Indet.Indet.,Indet.
1662,Fabaceae,Swartzia,grandifolia
1678,Fabaceae,Swartzia,oblanceolata
1679,Sapindaceae,Talisia,megaphylla
1690,Sapotaceae,Chrysophyllum,eximium
1695,Fabaceae,Swartzia,polyphylla
1695,Fabaceae,Swartzia,remiger
1699,Sapotaceae,Chrysophyllum,venezuelanense
1701,Sapotaceae,Diploon,cuspidatum
1704,Indet.,Indet.Indet.,Indet.
1721,Sapotaceae,Pouteria,benai
1725,Sapotaceae,Pouteria,deliciosa
1726,Sapotaceae,Pouteria,fimbriata
1733,Sapotaceae,Pouteria,gongrijpii
1737,Sapotaceae,Pouteria,macrocarpa
1738,Sapotaceae,Pouteria,maxima
1740,Sapotaceae,Pouteria,platyphylla
1763,Caryocaraceae,Caryocar,villosum
1770,Sapotaceae,Pradosia,huberi
1772,Urticaceae,Cecropia,obtusa
1781,Sapotaceae,Indet.Sapotaceae,sp.5CAY-ATDN
1800,Urticaceae,Pourouma,velutina
1803,Goupiaceae,Goupia,glabra
1808,Siparunaceae,Siparuna,poeppigii
1822,Chrysobalanaceae,Couepia,caryophylloides
1822,Chrysobalanaceae,Licania,heteromorpha
1832,Urticaceae,Coussapoa,angustifolia
1838,Chrysobalanaceae,Couepia,parillo
1866,Chrysobalanaceae,Hirtella,racemosa
1876,Chrysobalanaceae,Licania,alba
1889,Vochysiaceae,Erisma,nitidum
1901,Chrysobalanaceae,Licania,alba
1901,Chrysobalanaceae,Licania,heteromorpha
1904,Chrysobalanaceae,Licania,hypoleuca
1921,Chrysobalanaceae,Licania,membranacea
1923,Chrysobalanaceae,Licania,membranacea
1933,Chrysobalanaceae,Licania,parvifructa
1949,Chrysobalanaceae,Parinari,montana
2046,Clusiaceae,Symphonia,Indet.
2052,Clusiaceae,Tovomita,brevistaminea
2082,Hypericaceae,Vismia,cayennensis
2092,Hypericaceae,Vismia,ramuliflora
2117,Combretaceae,Terminalia,amazonia
2638,Dichapetalaceae,Tapura,capitulifera
2747,Elaeocarpaceae,Sloanea,parviflora
2871,Phyllanthaceae,Amanoa,guianensis
2947,Euphorbiaceae,Glycydendron,amazonicum
2953,Phyllanthaceae,Hieronyma,alchorneoides
2990,Euphorbiaceae,Pera,glabrata
3064,Fabaceae,Ormosia,coutinhoi
3171,Fabaceae,Dipteryx,odorata
3172,Fabaceae,Dipteryx,punctata
3173,Fabaceae,Dussia,discolor
3208,Fabaceae,Lonchocarpus,nicou
1338,Myrtaceae,Myrcia,guianensis
1365,Burseraceae,Crepidospermum,rhoifolium
1367,Burseraceae,Dacryodes,cuspidata
1377,Burseraceae,Protium,opacum
1386,Burseraceae,Protium,opacum
1400,Burseraceae,Protium,opacum
1402,Burseraceae,Protium,subserratum
1412,Indet.,Indet.Indet.,Indet.
1415,Nyctaginaceae,Guapira,eggersiana
1455,Ochnaceae,Ouratea,sp.P1
1459,Ochnaceae,Quiina,integrifolia
1463,Fabaceae,Bocoa,viridiflora
1465,Ochnaceae,Quiina,sessilis
1516,Rhabdodendraceae,Rhabdodendron,amazonicum
1553,Fabaceae,Eperua,grandiflora
1557,Fabaceae,Eperua,rubiginosa
1561,Rubiaceae,Ixora,ulei
1578,Fabaceae,Macrolobium,bifolium
1592,Rutaceae,Zanthoxylum,acuminatum
1598,Sabiaceae,Ophiocaryon,chironectes
1608,Fabaceae,Peltogyne,venosa
1623,Salicaceae,Casearia,sp.D
1627,Salicaceae,Casearia,sp.3CAY-ATDN
1644,Sapindaceae,Allophylus,latifolius
1649,Sapindaceae,Cupania,rubiginosa
1654,Fabaceae,Swartzia,grandifolia
1656,Sapindaceae,Matayba,laevigata
1660,Sapindaceae,Pentascyphus,thyrsiflorus
1663,Fabaceae,Swartzia,guianensis
1663,Fabaceae,Swartzia,leblondii
1674,Sapindaceae,Talisia,clathrata
1681,Fabaceae,Swartzia,panacoco
1688,Sapindaceae,Vouarana,guianensis
1689,Sapotaceae,Chrysophyllum,durifructum
1694,Sapotaceae,Chrysophyllum,prieurii
1710,Fabaceae,Tachigali,myrmecophila
1711,Fabaceae,Tachigali,paniculata
1716,Fabaceae,Vouacapoua,americana
1724,Sapotaceae,Pouteria,cicatricata
1729,Sapotaceae,Pouteria,flavilatex
1730,Sapotaceae,Pouteria,franciscana
1732,Sapotaceae,Pouteria,glomerata
1739,Sapotaceae,Pouteria,petiolata
1754,Caricaceae,Jacaratia,spinosa
1757,Caryocaraceae,Caryocar,glabrum
1759,Caryocaraceae,Caryocar,microcarpum
1772,Urticaceae,Pourouma,minor
1789,Urticaceae,Pourouma,bicolor
1792,Urticaceae,Pourouma,minor
1795,Urticaceae,Pourouma,mollis
1830,Chrysobalanaceae,Couepia,caryophylloides
1830,Chrysobalanaceae,Couepia,guianensis
1830,Indet.,Indet.Indet.,Indet.
1836,Chrysobalanaceae,Couepia,obovata
1844,Chrysobalanaceae,Hirtella,bicornis
1853,Urticaceae,Pourouma,tomentosa
1884,Chrysobalanaceae,Licania,alba
1884,Chrysobalanaceae,Licania,canescens
1916,Chrysobalanaceae,Licania,alba
1921,Chrysobalanaceae,Licania,majuscula
1923,Chrysobalanaceae,Licania,ovalifolia
1923,Indet.,Indet.Indet.,Indet.
1924,Chrysobalanaceae,Licania,membranacea
1930,Chrysobalanaceae,Licania,ovalifolia
1939,Chrysobalanaceae,Licania,robusta
1947,Chrysobalanaceae,Parinari,excelsa
1951,Chrysobalanaceae,Parinari,rodolphii
1962,Calophyllaceae,Caraipa,racemosa
2085,Hypericaceae,Vismia,guianensis
2117,Combretaceae,Terminalia,guyanensis
2639,Dichapetalaceae,Tapura,capitulifera
2639,Dichapetalaceae,Tapura,guianensis
2714,Ebenaceae,Diospyros,carbonaria
2732,Ebenaceae,Diospyros,vestita
2740,Elaeocarpaceae,Sloanea,grandiflora
2741,Elaeocarpaceae,Sloanea,latifolia
2868,Euphorbiaceae,Alchornea,triplinervia
2881,Fabaceae,Swartzia,leblondii
2891,Euphorbiaceae,Conceveiba,guianensis
2908,Euphorbiaceae,Croton,matourensis
2938,Putranjivaceae,Drypetes,fanshawei
2950,Indet.,Indet.Indet.,Indet.
2952,Euphorbiaceae,Hura,crepitans
2977,Euphorbiaceae,Maprounea,guianensis
3064,Fabaceae,Alexa,wachenheimii
3068,Fabaceae,Andira,inermis
3192,Fabaceae,Hymenolobium,flavum
3252,Fabaceae,Ormosia,paraensis
3253,Fabaceae,Ormosia,coccinea
3256,Fabaceae,Ormosia,flava
3261,Fabaceae,Ormosia,paraensis
3274,Fabaceae,Poecilanthe,hostmannii
3299,Fabaceae,Taralea,oppositifolia
3352,Salicaceae,Casearia,sylvestris
1224,Meliaceae,Guarea,carinata
1226,Meliaceae,Guarea,glabra
1229,Meliaceae,Guarea,trunciflora
1235,Meliaceae,Trichilia,pallida
1251,Moraceae,Ficus,malacocarpa
1256,Moraceae,Ficus,schumacheri
1267,Moraceae,Naucleopsis,glabra
1275,Myristicaceae,Iryanthera,Indet.
1289,Myrtaceae,Calyptranthes,speciosa
1292,Myrtaceae,Eugenia,albicans
1299,Myrtaceae,Eugenia,cupulata
1307,Myrtaceae,Eugenia,florida
1315,Myrtaceae,Eugenia,mimus
1348,Myrtaceae,Myrcia,subobliqua
1386,Burseraceae,Protium,guianense
1386,Lauraceae,Ocotea,floribunda
1408,Burseraceae,Tetragastris,panamensis
1409,Burseraceae,Trattinnickia,burserifolia
1435,Fabaceae,Batesia,floribunda
1447,Ochnaceae,Lacunaria,jenmanii
1469,Olacaceae,Dulacia,guianensis
1476,Pentaphylacaceae,Ternstroemia,dentata
1480,Phyllanthaceae,Amanoa,congesta
1490,Picramniaceae,Picramnia,latifolia
1493,Polygalaceae,Moutabea,guianensis
1507,Fabaceae,Crudia,bracteata
1522,Fabaceae,Dicorynia,guianensis
1535,Rubiaceae,Coussarea,machadoana
1549,Rubiaceae,Genipa,spruceana
1551,Indet.,Indet.Indet.,Indet.
1562,Rubiaceae,Kutchubaea,insignis
1568,Fabaceae,Hymenaea,courbaril
1569,Fabaceae,Hymenaea,courbaril
1606,Fabaceae,Peltogyne,paniculata
1613,Fabaceae,Recordoxylon,speciosum
1618,Salicaceae,Casearia,rusbyana
1632,Salicaceae,Hasseltia,floribunda
1637,Salicaceae,Indet.Salicaceae,Indet.
1647,Sapindaceae,Cupania,diphylla
1650,Sapindaceae,Matayba,guianensis
1659,Sapindaceae,Matayba,stenodictya
1673,Fabaceae,Swartzia,leblondii
1707,Sapotaceae,Micropholis,acutangula
1708,Sapotaceae,Micropholis,cayennensis
1712,Sapotaceae,Micropholis,porphyrocarpa
1722,Sapotaceae,Pouteria,bilocularis
1723,Sapotaceae,Pouteria,cayennensis
1734,Indet.,Indet.Indet.,Indet.
1734,Sapotaceae,Pouteria,hispida
1736,Sapotaceae,Pouteria,laevigata
1743,Sapotaceae,Pouteria,sagotiana
1753,Indet.,Indet.Indet.,Indet.
1775,Urticaceae,Cecropia,obtusa
1792,Urticaceae,Pourouma,guianensis
1793,Urticaceae,Cecropia,obtusa
1794,Urticaceae,Pourouma,minor
1795,Urticaceae,Pourouma,minor
1810,Celastraceae,Maytenus,oblongata
1858,Urticaceae,Indet.Urticaceae,Indet.
1874,Violaceae,Rinorea,pubiflora
1876,Icacinaceae,Poraqueiba,guianensis
1883,Violaceae,Rinorea,sp.P3
1888,Vochysiaceae,Erisma,floribundum
1892,Chrysobalanaceae,Licania,densiflora
1899,Vochysiaceae,Qualea,tricolor
1901,Indet.,Indet.Indet.,Indet.
1910,Chrysobalanaceae,Licania,kunthiana
1915,Chrysobalanaceae,Licania,latistipula
1920,Violaceae,Paypayrola,guianensis
1946,Chrysobalanaceae,Parinari,campestris
2032,Clusiaceae,Platonia,insignis
2057,Clusiaceae,Tovomita,brasiliensis
2088,Hypericaceae,Vismia,latifolia
2097,Combretaceae,Buchenavia,grandis
2101,Combretaceae,Buchenavia,nitidissima
2721,Ebenaceae,Diospyros,guianensis
2737,Elaeocarpaceae,Sloanea,latifolia
2741,Elaeocarpaceae,Sloanea,guianensis
2881,Euphorbiaceae,Chaetocarpus,schomburgkianus
2938,Indet.,Indet.Indet.,Indet.
2939,Putranjivaceae,Drypetes,variabilis
2950,Euphorbiaceae,Hevea,guianensis
2967,Euphorbiaceae,Mabea,speciosa
3028,Euphorbiaceae,Sagotia,racemosa
3191,Fabaceae,Hymenolobium,excelsum
3273,Fabaceae,Poecilanthe,effusa
3277,Fabaceae,Pterocarpus,officinalis
3278,Fabaceae,Paramachaerium,ormosioides
3309,Fabaceae,Vatairea,erythrocarpa
3310,Fabaceae,Vatairea,guianensis
3345,Ebenaceae,Diospyros,carbonaria
3345,Salicaceae,Casearia,javitensis
3361,Salicaceae,Laetia,procera
3546,Burseraceae,Protium,opacum
3546,Linaceae,Hebepetalum,humiriifolium
3253,Fabaceae,Andira,coriacea
3255,Fabaceae,Ormosia,coutinhoi
3264,Fabaceae,Paramachaerium,ormosioides
3312,Fabaceae,Vataireopsis,surinamensis
3348,Salicaceae,Casearia,pitumba
3546,Chrysobalanaceae,Licania,alba
3546,Indet.,Indet.Indet.,Indet.
3551,Humiriaceae,Humiria,balsamifera
3648,Lauraceae,Aniba,citrifolia
3651,Lauraceae,Aniba,hostmanniana
3656,Lauraceae,Aniba,panurensis
3689,Lauraceae,Licaria,chrysophylla
3691,Lauraceae,Licaria,guianensis
3729,Lauraceae,Ocotea,floribunda
3729,Lauraceae,Ocotea,oblonga
3743,Lauraceae,Ocotea,puberula
3752,Lauraceae,Ocotea,tomentella
3782,Lecythidaceae,Eschweilera,sagotiana
3789,Lecythidaceae,Eschweilera,parviflora
3791,Lecythidaceae,Eschweilera,sagotiana
3802,Lecythidaceae,Gustavia,hexapetala
3812,Indet.,Indet.Indet.,Indet.
3812,Lecythidaceae,Lecythis,idatimon
3812,Lecythidaceae,Lecythis,persistens
4016,Malpighiaceae,Byrsonima,laevigata
4345,Melastomataceae,Henriettea,succosa
4348,Indet.,Indet.Indet.,Indet.
4348,Melastomataceae,Miconia,tschudyoides
4371,Melastomataceae,Loreya,mespiloides
4459,Melastomataceae,Miconia,mirabilis
4471,Melastomataceae,Miconia,prasina
4565,Melastomataceae,Votomita,guianensis
4569,Meliaceae,Carapa,guianensis
4571,Meliaceae,Cedrela,odorata
4577,Meliaceae,Guarea,pubescens
4578,Meliaceae,Guarea,guidonia
4592,Meliaceae,Trichilia,euneura
4597,Meliaceae,Trichilia,micrantha
4602,Meliaceae,Trichilia,quadrijuga
4604,Burseraceae,Tetragastris,altissima
4605,Meliaceae,Trichilia,septentrionalis
4663,Fabaceae,Abarema,jupunba
4703,Fabaceae,Enterolobium,oldemanii
4717,Fabaceae,Inga,capitata
4718,Fabaceae,Inga,cayennensis
4720,Fabaceae,Inga,crassiflora
4723,Fabaceae,Inga,edulis
4724,Fabaceae,Inga,fanchoniana
4727,Fabaceae,Inga,graciliflora
4736,Fabaceae,Inga,loubryana
4738,Fabaceae,Inga,lomatophylla
4742,Fabaceae,Inga,nobilis
4745,Fabaceae,Inga,paraensis
4747,Fabaceae,Inga,pezizifera
4755,Fabaceae,Inga,sertulifera
4760,Fabaceae,Inga,thibaudiana
4762,Fabaceae,Inga,umbellifera
4806,Fabaceae,Parkia,velutina
4823,Fabaceae,Stryphnodendron,polystachyum
4839,Fabaceae,Zygia,tetragona
4871,Moraceae,Ficus,amazonica
4915,Moraceae,Naucleopsis,guianensis
4927,Moraceae,Brosimum,rubescens
4938,Myristicaceae,Iryanthera,Indet.
4944,Myristicaceae,Virola,michelii
5099,Myrtaceae,Myrcia,amazonica
5103,Salicaceae,Casearia,commersoniana
5203,Ochnaceae,Elvasia,elvasioides
5219,Ochnaceae,Ouratea,decagyna
5228,Ochnaceae,Ouratea,guianensis
5290,Olacaceae,Minquartia,guianensis
6761,Proteaceae,Euplassa,pinnata
6764,Proteaceae,Panopsis,sessilifolia
6785,Ochnaceae,Quiina,obovata
6791,Ochnaceae,Touroulia,guianensis
6849,Rosaceae,Prunus,myrtifolia
6919,Rubiaceae,Coussarea,racemosa
6939,Rubiaceae,Duroia,longiflora
7378,Rutaceae,Zanthoxylum,ekmanii
7416,Sapindaceae,Matayba,opaca
7491,Sapindaceae,Talisia,microphylla
7501,Sapindaceae,Talisia,simaboides
7515,Sapotaceae,Chrysophyllum,argenteum
7524,Sapotaceae,Chrysophyllum,sanguinolentum
7533,Sapotaceae,Ecclinusa,ramiflora
7538,Indet.,Indet.Indet.,Indet.
7547,Sapotaceae,Micropholis,egensis
7549,Sapotaceae,Micropholis,guyanensis
7549,Sapotaceae,Micropholis,venulosa
7551,Sapotaceae,Micropholis,longipedicellata
7552,Sapotaceae,Micropholis,egensis
7554,Sapotaceae,Micropholis,obscura
7554,Sapotaceae,Micropholis,venulosa
7570,Indet.,Indet.Indet.,Indet.
7570,Sapotaceae,Pouteria,cladantha
7571,Sapotaceae,Chromolucuma,congestifolia
3,Euphorbiaceae,Sagotia,Indet.
5,Rubiaceae,Coussarea,hallei
6,Vochysiaceae,Ruizterania,Indet.
7,Apocynaceae,Couma,Indet.
10,Anacardiaceae,Astronium,ulei
22,Annonaceae,Annona,prevostiae
32,Annonaceae,Duguetia,eximia
38,Annonaceae,Guatteria,anthracina
40,Annonaceae,Guatteria,conspicua
42,Annonaceae,Guatteria,foliosa
54,Fabaceae,Inga,capitata_form1
59,Annonaceae,Tetrameranthus,Indet.
67,Annonaceae,Xylopia,frutescens
112,Arecaceae,Oenocarpus,bataua
127,Boraginaceae,Cordia,bicolor
136,Anacardiaceae,Thyrsodium,puberulum
142,Annonaceae,Anaxagorea,dolichocarpa
146,Annonaceae,Annona,ambotay
162,Burseraceae,Crepidospermum,goudotianum
171,Burseraceae,Protium,cuneatum
174,Burseraceae,Protium,divaricatum
187,Annonaceae,Duguetia,surinamensis
195,Burseraceae,Protium,strumosum
196,Burseraceae,Tetragastris,hostmannii
205,Rubiaceae,Faramea,sp.3
226,Marcgraviaceae,Marcgravia,Indet.
227,Fabaceae,Mimosa,guilandinae
233,Annonaceae,Oxandra,asbeckii
240,Annonaceae,Guatteria,anteridifera
248,Annonaceae,Unonopsis,perrottetii
255,Annonaceae,Xylopia,crinita
260,Annonaceae,Xylopia,nitida
260,Annonaceae,Xylopia,surinamensis
260,Ebenaceae,Diospyros,carbonaria
262,Annonaceae,Xylopia,pulcherrima
267,Chrysobalanaceae,Couepia,excelsa
275,Apocynaceae,Aspidosperma,excelsum
287,Chrysobalanaceae,Hirtella,bicornis var. bicornis
291,Indet.,Indet.Indet.,Indet.
293,Chrysobalanaceae,Hirtella,glandistipula
295,Fabaceae,Tachigali,sp.1
296,Chrysobalanaceae,Hirtella,macrosepala
307,Apocynaceae,Himatanthus,articulatus
312,Chrysobalanaceae,Licania,discolor
317,Apocynaceae,Lacmellea,aculeata
321,Chrysobalanaceae,Licania,irwinii
323,Apocynaceae,Macoubea,guianensis
329,Chrysobalanaceae,Licania,minutiflora
354,Clusiaceae,Clusia,fockeana
356,Apocynaceae,Parahancornia,fasciculata
366,Clusiaceae,Symphonia,sp.1
369,Clusiaceae,Tovomita,gazelii
372,Elaeocarpaceae,Sloanea,sp.21(DS)
375,Clusiaceae,Tovomita,macrophylla
379,Clusiaceae,Tovomita,sp.2CAY-ATDN
387,Apocynaceae,Tabernaemontana,flavicans
395,Clusiaceae,Tovomita,sp.P4
396,Apocynaceae,Tabernaemontana,undulata
397,Clusiaceae,Tovomita,sp.P6
404,Aquifoliaceae,Ilex,inundata
421,Dichapetalaceae,Tapura,amazonica
426,Ebenaceae,Diospyros,dichroa
442,Elaeocarpaceae,Sloanea,sp.1
508,Elaeocarpaceae,Sloanea,tuerckheimii
515,Erythroxylaceae,Erythroxylum,ligustrinum
520,Euphorbiaceae,Alchornea,discolor
545,Euphorbiaceae,Micrandra,elata
548,Euphorbiaceae,Pausandra,fordii
568,Fabaceae,Albizia,pedicellaris
577,Arecaceae,Astrocaryum,paramaca
579,Arecaceae,Astrocaryum,sciophilum
622,Indet.,Indet.Indet.,Indet.
664,Arecaceae,Socratea,exorrhiza
671,Fabaceae,Inga,jenmanii
677,Fabaceae,Inga,loubryana
682,Fabaceae,Inga,nouragensis
696,Fabaceae,Inga,sp.B2
730,Fabaceae,Macrolobium,guianense
741,Fabaceae,Ormosia,melanocarpa
742,Fabaceae,Ormosia,nobilis
745,Fabaceae,Ormosia,stipularis
874,Lauraceae,Aniba,megaphylla
877,Lauraceae,Aniba,terminalis
879,Lauraceae,Ocotea,amplifolia
970,Lauraceae,Licaria,debilis
971,Lauraceae,Licaria,martiniana
973,Lauraceae,Licaria,rufotomentosa
981,Lauraceae,Nectandra,globosa
986,Lauraceae,Ocotea,ceanothifolia
989,Lauraceae,Ocotea,cujumary
997,Lauraceae,Ocotea,nigra
1017,Lauraceae,Rhodostemonodaphne,elephantopus
1031,Lecythidaceae,Eschweilera,apiculata
1041,Lecythidaceae,Eschweilera,wachenheimii
3505,Ochnaceae,Touroulia,guianensis
3580,Stemonuraceae,Discophora,guianensis
3592,Icacinaceae,Poraqueiba,guianensis
3611,Lacistemataceae,Lacistema,aggregatum
3661,Lauraceae,Aniba,rosaeodora
3664,Lauraceae,Aniba,williamsii
3750,Lauraceae,Ocotea,splendens
3752,Indet.,Indet.Indet.,Indet.
3766,Lecythidaceae,Couratari,calycina
3767,Lecythidaceae,Couratari,gloriosa
3768,Lecythidaceae,Couratari,oblongifolia
3769,Lecythidaceae,Couratari,multiflora
3781,Lecythidaceae,Eschweilera,congestiflora
3783,Lecythidaceae,Eschweilera,decolorans
3786,Lecythidaceae,Eschweilera,grandiflora
3788,Lecythidaceae,Eschweilera,micrantha
3788,Lecythidaceae,Eschweilera,sagotiana
3791,Lecythidaceae,Eschweilera,pedicellata
3808,Lecythidaceae,Lecythis,corrugata
3811,Lecythidaceae,Lecythis,idatimon
3999,Malpighiaceae,Byrsonima,aerugo
4009,Sapindaceae,Talisia,hexaphylla
4437,Melastomataceae,Miconia,fragilis
4449,Melastomataceae,Miconia,lepidota
4449,Melastomataceae,Miconia,tschudyoides
4458,Melastomataceae,Miconia,minutiflora
4468,Melastomataceae,Miconia,plukenetii
4469,Melastomataceae,Miconia,poeppigii
4511,Melastomataceae,Mouriri,crassifolia
4520,Melastomataceae,Mouriri,nigra
4569,Meliaceae,Carapa,surinamensis
4577,Meliaceae,Guarea,grandifolia
4578,Meliaceae,Guarea,pubescens
4579,Meliaceae,Guarea,kunthiana
4586,Meliaceae,Guarea,silvatica
4667,Fabaceae,Abarema,mataybifolia
4695,Fabaceae,Cedrelinga,cateniformis
4710,Fabaceae,Inga,alba
4736,Fabaceae,Inga,leiocalycina
4739,Fabaceae,Inga,longipedunculata
4749,Fabaceae,Inga,poeppigiana
4752,Fabaceae,Inga,rubiginosa
4753,Fabaceae,Inga,sarmentosa
4761,Fabaceae,Inga,tubiformis
4763,Olacaceae,Chaunochiton,kappleri
4802,Fabaceae,Parkia,Indet.
4803,Fabaceae,Parkia,pendula
4805,Fabaceae,Parkia,ulei
4818,Fabaceae,Pseudopiptadenia,suaveolens
4821,Fabaceae,Stryphnodendron,guianense
4851,Siparunaceae,Siparuna,guianensis
4855,Moraceae,Bagassa,guianensis
4860,Moraceae,Brosimum,guianense
4863,Moraceae,Helicostylis,tomentosa
4908,Moraceae,Helicostylis,pedunculata
4912,Moraceae,Maquira,guianensis
4927,Moraceae,Trymatococcus,oligandrus
4938,Myristicaceae,Iryanthera,sagotiana
4941,Myristicaceae,Osteophloeum,platyspermum
5020,Myrtaceae,Eugenia,anastomosans
5067,Myrtaceae,Eugenia,pseudopsidium
5075,Myrtaceae,Eugenia,tetramera
6840,Rhizophoraceae,Cassipourea,guianensis
6863,Rubiaceae,Amaioua,guianensis
6863,Rubiaceae,Duroia,longiflora
6887,Rubiaceae,Chimarrhis,turbinata
6918,Rubiaceae,Coussarea,paniculata
6934,Rubiaceae,Duroia,aquatica
6935,Rubiaceae,Duroia,eriopila
7382,Rutaceae,Zanthoxylum,pentandrum
7399,Sapindaceae,Cupania,hirsuta
7487,Sapindaceae,Talisia,hexaphylla
7497,Sapindaceae,Talisia,praealta
7504,Sapindaceae,Talisia,squarrosa
7505,Sapindaceae,Talisia,hexaphylla
7518,Sapotaceae,Chrysophyllum,cuneifolium
7520,Sapotaceae,Chrysophyllum,lucentifolium
7541,Sapotaceae,Manilkara,huberi
7562,Sapotaceae,Pouteria,bangii
7566,Sapotaceae,Pouteria,caimito
7577,Sapotaceae,Pouteria,decorticans
7580,Sapotaceae,Micropholis,obscura
7591,Sapotaceae,Pouteria,grandis
7610,Sapotaceae,Pouteria,rodriguesiana
7612,Sapotaceae,Ecclinusa,guianensis
7616,Sapotaceae,Pouteria,torta
7619,Sapotaceae,Pouteria,venosa
7629,Sapotaceae,Sarcaulus,brasiliensis
7682,Euphorbiaceae,Maprounea,guianensis
7685,Simaroubaceae,Simaba,morettii
7817,Malvaceae,Sterculia,pruriens
7826,Malvaceae,Theobroma,velutinum
7844,Symplocaceae,Symplocos,martinicensis
7574,Sapotaceae,Pouteria,cuspidata
7594,Sapotaceae,Pouteria,jariensis
7812,Malvaceae,Sterculia,frondosa
7815,Malvaceae,Sterculia,multiovula
7822,Malvaceae,Theobroma,subincanum
7838,Styracaceae,Styrax,pallidus
7881,Malvaceae,Apeiba,petoumo
7883,Malvaceae,Apeiba,tibourbou
8005,Lamiaceae,Vitex,triflora
8028,Violaceae,Rinorea,bahiensis
8085,Vochysiaceae,Erisma,uncinatum
8099,Vochysiaceae,Qualea,rosea
8232,Euphorbiaceae,Alchornea,Indet.
8260,Anacardiaceae,Anacardium,Indet.
8260,Anacardiaceae,Anacardium,spruceanum
8289,Malvaceae,Apeiba,glabra
8367,Fabaceae,Bocoa,prouacensis
8397,Indet.,Indet.Indet.,Indet.
8445,Calophyllaceae,Caraipa,densifolia
8445,Calophyllaceae,Caraipa,Indet.
8446,Meliaceae,Carapa,Indet.
8446,Meliaceae,Carapa,surinamensis
8469,Urticaceae,Cecropia,Indet.
8587,Lecythidaceae,Corythophora,Indet.
8598,Rubiaceae,Coussarea,Indet.
8671,Fabaceae,Dialium,Indet.
8704,Fabaceae,Dipteryx,Indet.
8727,Rubiaceae,Duroia,longiflora
8730,Sapotaceae,Ecclinusa,Indet.
8761,Fabaceae,Enterolobium,Indet.
8762,Fabaceae,Eperua,falcata
8779,Malvaceae,Eriotheca,globosa
8779,Malvaceae,Eriotheca,Indet.
8788,Lecythidaceae,Eschweilera,Indet.
8869,Indet.,Indet.Indet.,Indet.
8910,Indet.,Indet.Indet.,Indet.
8915,Apocynaceae,Couma,guianensis
8944,Fabaceae,Hymenaea,courbaril
8958,Aquifoliaceae,Ilex,Indet.
8962,Fabaceae,Inga,loubryana
8968,Myristicaceae,Iryanthera,Indet.
9010,Ochnaceae,Lacunaria,Indet.
9028,Lecythidaceae,Lecythis,idatimon
9028,Lecythidaceae,Lecythis,Indet.
9067,Melastomataceae,Loreya,Indet.
9178,Sapotaceae,Micropholis,venulosa
9219,Myrtaceae,Myrcia,Indet.
9231,Moraceae,Naucleopsis,Indet.
9235,Nyctaginaceae,Neea,Indet.
9329,Chrysobalanaceae,Parinari,Indet.
9342,Indet.,Indet.Indet.,Indet.
9406,Fabaceae,Platymiscium,Indet.
9445,Urticaceae,Pourouma,minor
9477,Malvaceae,Sterculia,pruriens
9487,Malvaceae,Quararibea,Indet.
9491,Ochnaceae,Quiina,Indet.
9572,Sapotaceae,Sarcaulus,Indet.
9628,Simaroubaceae,Simaba,Indet.
9639,Elaeocarpaceae,Sloanea,Indet.
9687,Indet.,Indet.Indet.,Indet.
9687,Lecythidaceae,Eschweilera,sagotiana
9687,Malvaceae,Sterculia,Indet.
9706,Fabaceae,Swartzia,Indet.
9711,Clusiaceae,Symphonia,Indet.
9730,Anacardiaceae,Tapirira,Indet.
9732,Dichapetalaceae,Tapura,Indet.
9739,Combretaceae,Terminalia,Indet.
9747,Malvaceae,Theobroma,Indet.
9834,Fabaceae,Vatairea,Indet.
9848,Vochysiaceae,Ruizterania,albiflora
9884,Rutaceae,Zanthoxylum,Indet.
10982,Malvaceae,Sterculia,excelsa
33445,Anacardiaceae,Indet.Anacardiaceae,Indet.
33447,Annonaceae,Indet.Annonaceae,Indet.
33453,Arecaceae,Indet.Arecaceae,Indet.
33462,Bignoniaceae,Indet.Bignoniaceae,Indet.
33485,Celastraceae,Indet.Celastraceae,Indet.
33492,Combretaceae,Indet.Combretaceae,Indet.
33511,Elaeocarpaceae,Indet.Elaeocarpaceae,Indet.
33539,Lecythidaceae,Indet.Lecythidaceae,Indet.
33546,Loganiaceae,Indet.Loganiaceae,Indet.
33555,Melastomataceae,Indet.Melastomataceae,Indet.
33569,Indet.,Indet.Indet.,Indet.
33575,Olacaceae,Indet.Olacaceae,Indet.
33608,Rutaceae,Indet.Rutaceae,Indet.
33651,Sapindaceae,Melicoccus,pedicellaris
33653,Lauraceae,Sextonia,Indet.
33656,Ebenaceae,Diospyros,cavalcantei
33657,Clusiaceae,Garcinia,benthamiana
33663,Rubiaceae,Psychotria,ficigemma
33672,Ochnaceae,Elvasia,macrostipularis
33676,Fabaceae,Tachigali,paraensis
33679,Anacardiaceae,Tapirira,obtusa
33679,Anacardiaceae,Thyrsodium,guianense
33679,Annonaceae,Guatteria,citriodora
33679,Annonaceae,Indet.Annonaceae,Indet.
7941,Indet.,Indet.Indet.,Indet.
7941,Ulmaceae,Ampelocera,edentula
8011,Lamiaceae,Vitex,triflora
8020,Violaceae,Leonia,glycycarpa
8024,Euphorbiaceae,Sagotia,racemosa
8024,Violaceae,Paypayrola,guianensis
8032,Indet.,Indet.Indet.,Indet.
8032,Violaceae,Rinorea,flavescens
8089,Vochysiaceae,Qualea,caerulea
8096,Vochysiaceae,Qualea,rosea
8112,Vochysiaceae,Vochysia,sabatieri
8115,Vochysiaceae,Vochysia,surinamensis
8117,Vochysiaceae,Vochysia,tomentosa
8232,Indet.,Indet.Indet.,Indet.
8233,Euphorbiaceae,Alchorneopsis,Indet.
8239,Sapindaceae,Allophylus,Indet.
8248,Rubiaceae,Amaioua,Indet.
8252,Apocynaceae,Ambelania,Indet.
8343,Fabaceae,Bauhinia,Indet.
8411,Malpighiaceae,Byrsonima,Indet.
8452,Caryocaraceae,Caryocar,Indet.
8469,Urticaceae,Pourouma,minor
8491,Euphorbiaceae,Chaetocarpus,Indet.
8543,Clusiaceae,Clusia,Indet.
8550,Polygonaceae,Coccoloba,Indet.
8568,Euphorbiaceae,Conceveiba,Indet.
8580,Boraginaceae,Cordia,Indet.
8664,Cardiopteridaceae,Dendrobangia,Indet.
8698,Ebenaceae,Diospyros,Indet.
8725,Annonaceae,Duguetia,Indet.
8727,Rubiaceae,Duroia,Indet.
8788,Lecythidaceae,Eschweilera,sagotiana
8807,Indet.,Indet.Indet.,Indet.
8832,Apocynaceae,Geissospermum,argenteum
8863,Annonaceae,Guatteria,Indet.
8888,Olacaceae,Heisteria,Indet.
8891,Moraceae,Helicostylis,Indet.
8915,Apocynaceae,Himatanthus,bracteatus
8973,Rubiaceae,Isertia,Indet.
9049,Humiriaceae,Humiriastrum,subcrenatum
9050,Lauraceae,Aniba,hostmanniana
9065,Fabaceae,Lonchocarpus,Indet.
9073,Malvaceae,Lueheopsis,Indet.
9083,Euphorbiaceae,Mabea,Indet.
9117,Sapotaceae,Manilkara,Indet.
9173,Melastomataceae,Miconia,Indet.
9178,Sapotaceae,Micropholis,Indet.
9184,Olacaceae,Minquartia,Indet.
9306,Malvaceae,Pachira,Indet.
9314,Rubiaceae,Palicourea,Indet.
9326,Fabaceae,Paramachaerium,ormosioides
9329,Chrysobalanaceae,Parinari,campestris
9330,Fabaceae,Parkia,Indet.
9347,Fabaceae,Peltogyne,Indet.
9447,Sapotaceae,Pradosia,Indet.
9456,Burseraceae,Protium,opacum
9457,Rosaceae,Prunus,Indet.
9477,Fabaceae,Pterocarpus,rohrii
9477,Indet.,Indet.Indet.,Indet.
9518,Lauraceae,Rhodostemonodaphne,Indet.
9531,Violaceae,Rinorea,Indet.
9560,Humiriaceae,Sacoglottis,guianensis
9582,Araliaceae,Schefflera,decaphylla
9582,Araliaceae,Schefflera,Indet.
9687,Malvaceae,Sterculia,pruriens
9700,Loganiaceae,Strychnos,Indet.
9711,Indet.,Indet.Indet.,Indet.
9718,Indet.,Indet.Indet.,Indet.
9725,Sapindaceae,Talisia,Indet.
9733,Fabaceae,Taralea,Indet.
9742,Burseraceae,Tetragastris,altissima
9773,Ochnaceae,Touroulia,Indet.
9785,Meliaceae,Trichilia,Indet.
9845,Hypericaceae,Vismia,sessilifolia
9848,Vochysiaceae,Vochysia,Indet.
9848,Vochysiaceae,Vochysia,surinamensis
9893,Moraceae,Pseudolmedia,Indet.
9900,Myristicaceae,Virola,kwatae
9901,Lauraceae,Rhodostemonodaphne,rufovirgata
10982,Malvaceae,Sterculia,pruriens
33439,Burseraceae,Trattinnickia,boliviana
33449,Apocynaceae,Indet.Apocynaceae,Indet.
33474,Fabaceae,Indet.Fabaceae,Indet.
33516,Euphorbiaceae,Indet.Euphorbiaceae,Indet.
33528,Humiriaceae,Indet.Humiriaceae,Indet.
33531,Icacinaceae,Indet.Icacinaceae,Indet.
33563,Moraceae,Indet.Moraceae,Indet.
33569,Myrtaceae,Indet.Myrtaceae,Indet.
33606,Rubiaceae,Indet.Rubiaceae,Indet.
33611,Indet.,Indet.Indet.,Indet.
33650,Burseraceae,Protium,gallicum
33666,Sapindaceae,Talisia,hexaphylla
33679,Anacardiaceae,Anacardium,spruceanum
33679,Annonaceae,Anaxagorea,dolichocarpa
33679,Apocynaceae,Geissospermum,laeve
33679,Apocynaceae,Lacmellea,aculeata
1092,Indet.,Indet.Indet.,Indet.
1093,Bignoniaceae,Handroanthus,serratifolius
1105,Malvaceae,Catostemma,commune
1113,Malvaceae,Eriotheca,globosa
1114,Malvaceae,Eriotheca,globosa
1117,Malvaceae,Matisia,ochrocalyx
1119,Malvaceae,Pachira,flaviflora
1127,Malvaceae,Luehea,speciosa
1147,Boraginaceae,Cordia,laevifrons
1158,Boraginaceae,Cordia,sprucei
1174,Melastomataceae,Henriettea,maroniensis
1214,Melastomataceae,Mouriri,dumetosa
1225,Meliaceae,Guarea,costata
1233,Meliaceae,Trichilia,martiana
1237,Moraceae,Batocarpus,Indet.
1247,Moraceae,Ficus,gomelleira
1255,Moraceae,Ficus,panurensis
1303,Myrtaceae,Eugenia,excelsa
1314,Myrtaceae,Eugenia,macrocalyx
1329,Myrtaceae,Eugenia,tapacumensis
1331,Myrtaceae,Marlierea,ferruginea
1335,Myrtaceae,Myrcia,fallax
1340,Myrtaceae,Myrcia,magnoliifolia
1362,Myrtaceae,Indet.Myrtaceae,sp.FG2
1368,Burseraceae,Dacryodes,nitens
1369,Myrtaceae,Indet.Myrtaceae,sp.L4
1377,Burseraceae,Protium,decandrum
1382,Burseraceae,Protium,giganteum
1387,Burseraceae,Protium,heptaphyllum
1406,Burseraceae,Tetragastris,altissima
1408,Burseraceae,Tetragastris,altissima
1410,Burseraceae,Trattinnickia,demerarae
1434,Nyctaginaceae,Indet.Nyctaginaceae,sp.P1
1444,Nyctaginaceae,Indet.Nyctaginaceae,sp.P9
1450,Ochnaceae,Ouratea,cerebroidea
1462,Fabaceae,Bocoa,prouacensis
1468,Olacaceae,Cathedra,acuminata
1471,Olacaceae,Heisteria,barbata
1488,Phyllanthaceae,Richeria,grandis
1499,Primulaceae,Cybianthus,guyanensis
1500,Primulaceae,Cybianthus,microbotrys
1507,Fabaceae,Crudia,aromatica
1517,Rhamnaceae,Ziziphus,cinnamomum
1520,Rosaceae,Prunus,accumulans
1530,Rubiaceae,Cordiera,myrciifolia
1538,Fabaceae,Dimorphandra,polyandra
1559,Rubiaceae,Isertia,spiciformis
1570,Rubiaceae,Psychotria,anceps
1571,Rubiaceae,Psychotria,mapourioides
1601,Salicaceae,Casearia,acuminata
1609,Salicaceae,Casearia,guianensis
1652,Fabaceae,Swartzia,arborescens
1654,Fabaceae,Swartzia,benthamiana
1655,Sapindaceae,Matayba,inelegans
1680,Sapindaceae,Talisia,mollis
1692,Fabaceae,Swartzia,polyphylla
1692,Indet.,Indet.Indet.,Indet.
1703,Sapotaceae,Ecclinusa,lanceolata
1704,Sapotaceae,Elaeoluma,nuda
1713,Sapotaceae,Micropholis,sanctae-rosae
1718,Sapotaceae,Micropholis,trunciflora
1720,Sapotaceae,Pouteria,aubrevillei
1742,Sapotaceae,Pouteria,putamen-ovi
1775,Urticaceae,Cecropia,sciadophylla
1777,Sapotaceae,Pradosia,verticillata
1793,Urticaceae,Pourouma,melinonii
1801,Urticaceae,Pourouma,villosa
1804,Siparunaceae,Siparuna,cuspidata
1807,Siparunaceae,Siparuna,pachyantha
1815,Styracaceae,Styrax,glabratus
1820,Chrysobalanaceae,Couepia,bracteosa
1833,Chrysobalanaceae,Couepia,habrantha
1834,Urticaceae,Coussapoa,asperifolia
1850,Urticaceae,Pourouma,saulensis
1855,Chrysobalanaceae,Hirtella,glandulosa
1869,Violaceae,Rinorea,guianensis
1873,Violaceae,Rinorea,pectinosquamata
1878,Chrysobalanaceae,Licania,amapaensis
1895,Vochysiaceae,Qualea,mori-boomii
1916,Chrysobalanaceae,Licania,laxiflora
1918,Chrysobalanaceae,Licania,licaniiflora
1924,Chrysobalanaceae,Licania,micrantha
1944,Chrysobalanaceae,Licania,sprucei
1957,Calophyllaceae,Caraipa,densifolia
2025,Clusiaceae,Garcinia,madruno
2025,Clusiaceae,Moronobea,coccinea
2046,Clusiaceae,Symphonia,globulifera
2046,Indet.,Indet.Indet.,Indet.
2051,Clusiaceae,Tovomita,brasiliensis
2094,Hypericaceae,Vismia,sessilifolia
2120,Combretaceae,Terminalia,guyanensis
2738,Elaeocarpaceae,Sloanea,garckeana
2869,Euphorbiaceae,Alchorneopsis,floribunda
33679,Annonaceae,Oxandra,asbeckii
33679,Annonaceae,Xylopia,surinamensis
33679,Apocynaceae,Ambelania,acida
33679,Apocynaceae,Aspidosperma,excelsum
33679,Arecaceae,Astrocaryum,paramaca
33679,Arecaceae,Astrocaryum,rodriguesii
33679,Arecaceae,Oenocarpus,bacaba
33679,Bignoniaceae,Jacaranda,copaia
33679,Bignoniaceae,Tabebuia,insignis
33679,Burseraceae,Protium,guianense
33679,Calophyllaceae,Caraipa,racemosa
33679,Celastraceae,Maytenus,Indet.
33679,Chrysobalanaceae,Licania,licaniiflora
33679,Clusiaceae,Symphonia,globulifera
33679,Combretaceae,Buchenavia,grandis
33679,Dichapetalaceae,Tapura,capitulifera
33679,Ebenaceae,Diospyros,carbonaria
33679,Emmotaceae,Emmotum,fagifolium
33679,Euphorbiaceae,Glycydendron,amazonicum
33679,Euphorbiaceae,Hevea,guianensis
33679,Euphorbiaceae,Pogonophora,schomburgkiana
33679,Fabaceae,Abarema,jupunba
33679,Fabaceae,Albizia,pedicellaris
33679,Fabaceae,Dicorynia,guianensis
33679,Fabaceae,Diplotropis,purpurea
33679,Fabaceae,Dipteryx,Indet.
33679,Fabaceae,Inga,capitata
33679,Fabaceae,Parkia,velutina
33679,Fabaceae,Peltogyne,venosa
33679,Fabaceae,Pseudopiptadenia,suaveolens
33679,Fabaceae,Pterocarpus,Indet.
33679,Fabaceae,Recordoxylon,speciosum
33679,Fabaceae,Swartzia,panacoco
33679,Fabaceae,Zygia,racemosa
33679,Humiriaceae,Sacoglottis,guianensis
33679,Lauraceae,Indet.Lauraceae,Indet.
33679,Lauraceae,Ocotea,floribunda
33679,Lauraceae,Rhodostemonodaphne,grandis
33679,Lauraceae,Sextonia,rubra
33679,Loganiaceae,Antonia,ovata
33679,Malvaceae,Lueheopsis,rugosa
33679,Malvaceae,Pachira,dolichocalyx
33679,Malvaceae,Pachira,flaviflora
33679,Malvaceae,Sterculia,pruriens
33679,Moraceae,Brosimum,parinarioides
33679,Moraceae,Trymatococcus,oligandrus
33679,Myristicaceae,Iryanthera,Indet.
33679,Myristicaceae,Osteophloeum,platyspermum
33679,Myrtaceae,Eugenia,tetramera
33679,Nyctaginaceae,Indet.Nyctaginaceae,Indet.
33679,Ochnaceae,Elvasia,macrostipularis
33679,Ochnaceae,Touroulia,guianensis
33679,Rubiaceae,Duroia,longiflora
33679,Rubiaceae,Genipa,americana
33679,Salicaceae,Casearia,commersoniana
33679,Sapindaceae,Cupania,scrobiculata
33679,Urticaceae,Coussapoa,angustifolia
33679,Urticaceae,Pourouma,minor
33679,Violaceae,Paypayrola,guianensis
33679,Violaceae,Rinorea,amapensis
33679,Vochysiaceae,Vochysia,surinamensis
33679,Vochysiaceae,Vochysia,tomentosa
33682,Achariaceae,Lindackeria,paludosa
33684,Urticaceae,Pourouma,mollis subsp. mollis
33687,Primulaceae,Cybianthus,Indet.
33688,Annonaceae,Pseudoxandra,Indet.
33694,Myrtaceae,Eugenia,sp.FG16
33696,Sapotaceae,Pouteria,sp.28
33698,Myrtaceae,Eugenia,sp.FG13
33699,Fabaceae,Tachigali,sp.5
33702,Lauraceae,Indet.Lauraceae,sp.6
33704,Lauraceae,Indet.Lauraceae,sp.14
33711,Salicaceae,Casearia,sp.2
33718,Myrtaceae,Eugenia,sp.23
33721,Sapotaceae,Pouteria,sp.31
33723,Ochnaceae,Quiina,macrophylla
33776,Sapotaceae,Pouteria,sp.36CAY-ATDN
33787,Myrtaceae,Eugenia,sp.18
33792,Sapotaceae,Chrysophyllum,sp.3
33795,Myrtaceae,Eugenia,sp.19
33800,Sapotaceae,Chrysophyllum,sp.8
33802,Fabaceae,Hymenaea,sp.1
33807,Fabaceae,Inga,laurina
33809,Bignoniaceae,Handroanthus,Indet.
33818,Lauraceae,Indet.Lauraceae,sp.40Guyafor
33824,Lecythidaceae,Indet.Lecythidaceae,sp.2Guyafor
33830,Fabaceae,Ormosia,sp.3CAY-ATDN
33834,Myrtaceae,Indet.Myrtaceae,sp.C4
33839,Lauraceae,Indet.Lauraceae,sp.17CAY-ATDN
33841,Fabaceae,Candolleodendron,brachystachyum
33849,Strelitziaceae,Phenakospermum,guyannense
33850,Ebenaceae,Diospyros,ropourea
33859,Burseraceae,Indet.Burseraceae,sp.SL2
33872,Lauraceae,Indet.Lauraceae,sp.SL7
33679,Apocynaceae,Macoubea,guianensis
33679,Apocynaceae,Tabernaemontana,attenuata
33679,Arecaceae,Euterpe,oleracea
33679,Arecaceae,Indet.Arecaceae,Indet.
33679,Bignoniaceae,Handroanthus,impetiginosus
33679,Bignoniaceae,Handroanthus,serratifolius
33679,Burseraceae,Dacryodes,nitens
33679,Chrysobalanaceae,Licania,alba
33679,Chrysobalanaceae,Licania,heteromorpha
33679,Chrysobalanaceae,Parinari,campestris
33679,Clusiaceae,Symphonia,sp.1
33679,Euphorbiaceae,Chaetocarpus,Indet.
33679,Euphorbiaceae,Chaetocarpus,schomburgkianus
33679,Euphorbiaceae,Maprounea,guianensis
33679,Fabaceae,Andira,coriacea
33679,Fabaceae,Bocoa,prouacensis
33679,Fabaceae,Crudia,bracteata
33679,Fabaceae,Dipteryx,odorata
33679,Fabaceae,Eperua,rubiginosa
33679,Fabaceae,Hymenaea,courbaril
33679,Fabaceae,Inga,alba
33679,Fabaceae,Inga,loubryana
33679,Fabaceae,Inga,stipularis
33679,Fabaceae,Ormosia,coutinhoi
33679,Fabaceae,Ormosia,paraensis
33679,Fabaceae,Peltogyne,Indet.
33679,Fabaceae,Peltogyne,paniculata
33679,Fabaceae,Pterocarpus,officinalis
33679,Fabaceae,Stryphnodendron,polystachyum
33679,Fabaceae,Tachigali,paniculata
33679,Fabaceae,Tachigali,paraensis
33679,Fabaceae,Vatairea,erythrocarpa
33679,Fabaceae,Vataireopsis,surinamensis
33679,Fabaceae,Vouacapoua,americana
33679,Fabaceae,Zygia,tetragona
33679,Goupiaceae,Goupia,glabra
33679,Lauraceae,Aniba,citrifolia
33679,Lauraceae,Licaria,cannella
33679,Lauraceae,Licaria,chrysophylla
33679,Lecythidaceae,Eschweilera,sagotiana
33679,Lecythidaceae,Lecythis,idatimon
33679,Lecythidaceae,Lecythis,zabucajo
33679,Malpighiaceae,Byrsonima,densa
33679,Malvaceae,Luehea,speciosa
33679,Malvaceae,Pachira,insignis
33679,Malvaceae,Sterculia,Indet.
33679,Melastomataceae,Bellucia,grossularioides
33679,Melastomataceae,Miconia,tschudyoides
33679,Meliaceae,Carapa,surinamensis
33679,Meliaceae,Trichilia,schomburgkii
33679,Moraceae,Brosimum,guianense
33679,Moraceae,Brosimum,Indet.
33679,Moraceae,Brosimum,rubescens
33679,Moraceae,Brosimum,utile
33679,Myrtaceae,Eugenia,patrisii
33679,Nyctaginaceae,Neea,floribunda
33679,Olacaceae,Ptychopetalum,olacoides
33679,Phyllanthaceae,Amanoa,guianensis
33679,Phyllanthaceae,Hieronyma,alchorneoides
33679,Proteaceae,Euplassa,pinnata
33679,Putranjivaceae,Drypetes,variabilis
33679,Rosaceae,Prunus,accumulans
33679,Rubiaceae,Capirona,decorticans
33679,Rubiaceae,Isertia,coccinea
33679,Rubiaceae,Posoqueria,latifolia
33679,Sapotaceae,Chrysophyllum,argenteum
33679,Sapotaceae,Chrysophyllum,eximium
33679,Sapotaceae,Chrysophyllum,sanguinolentum
33679,Sapotaceae,Chrysophyllum,venezuelanense
33679,Sapotaceae,Manilkara,bidentata
33679,Sapotaceae,Micropholis,venulosa
33679,Sapotaceae,Pouteria,guianensis
33679,Simaroubaceae,Simarouba,amara
33679,Urticaceae,Pourouma,bicolor
33679,Violaceae,Rinorea,flavescens
33679,Vochysiaceae,Indet.Vochysiaceae,Indet.
33679,Vochysiaceae,Ruizterania,albiflora
33683,Chrysobalanaceae,Licania,divaricata
33690,Burseraceae,Protium,opacum subsp. rabelianum
33692,Chrysobalanaceae,Licania,heteromorpha var. heteromorpha
33700,Myrtaceae,Indet.Myrtaceae,sp.23
33706,Elaeocarpaceae,Sloanea,sp.23-Penn.
33708,Annonaceae,Pseudoxandra,sp.1
33709,Elaeocarpaceae,Sloanea,sp.13-Penn.
33712,Elaeocarpaceae,Sloanea,sp.10-Penn.
33716,Myristicaceae,Virola,sp.2
33742,Ochnaceae,Ouratea,angulata
33758,Lauraceae,Indet.Lauraceae,sp.6CAY-ATDN
33785,Malvaceae,Herrania,Indet.
33789,Lauraceae,Indet.Lauraceae,sp.16
33793,Chrysobalanaceae,Couepia,sp.8
33797,Chrysobalanaceae,Licania,sp.7
33798,Meliaceae,Trichilia,sp.2
2874,Euphorbiaceae,Aparisthmium,cordatum
2938,Icacinaceae,Poraqueiba,guianensis
2939,Icacinaceae,Poraqueiba,guianensis
2955,Phyllanthaceae,Hieronyma,oblonga
2963,Euphorbiaceae,Mabea,piriri
2990,Euphorbiaceae,Pera,bicolor
3024,Euphorbiaceae,Pogonophora,schomburgkiana
3066,Fabaceae,Andira,coriacea
3069,Fabaceae,Andira,surinamensis
3097,Indet.,Indet.Indet.,Indet.
3167,Fabaceae,Diplotropis,purpurea
3278,Fabaceae,Pterocarpus,rohrii
3278,Fabaceae,Swartzia,grandifolia
3342,Salicaceae,Casearia,decandra
3371,Salicaceae,Xylosma,benthamii
3505,Celastraceae,Cheiloclinium,cognatum
3565,Humiriaceae,Sacoglottis,guianensis
3572,Fabaceae,Swartzia,leblondii
3572,Humiriaceae,Humiria,balsamifera
3662,Lauraceae,Aniba,taubertiana
3716,Lauraceae,Ocotea,canaliculata
3716,Lauraceae,Ocotea,oblonga
3730,Lauraceae,Ocotea,glomerata
3730,Lauraceae,Ocotea,oblonga
3730,Lauraceae,Ocotea,tomentella
3732,Lauraceae,Ocotea,guianensis
3732,Lauraceae,Ocotea,oblonga
3740,Lauraceae,Ocotea,cinerea
3749,Lauraceae,Ocotea,schomburgkiana
3770,Lecythidaceae,Couratari,oblongifolia
3783,Lecythidaceae,Eschweilera,sagotiana
3786,Lecythidaceae,Eschweilera,sagotiana
3797,Lecythidaceae,Eschweilera,squamata
3800,Indet.,Indet.Indet.,Indet.
3806,Lecythidaceae,Lecythis,chartacea
3808,Lecythidaceae,Lecythis,idatimon
3810,Lecythidaceae,Lecythis,holcogyne
3815,Lecythidaceae,Lecythis,poiteaui
3817,Lecythidaceae,Lecythis,zabucajo
3888,Loganiaceae,Antonia,ovata
4348,Melastomataceae,Henriettella,flavescens
4370,Melastomataceae,Bellucia,grossularioides
4474,Melastomataceae,Miconia,punctata
4510,Melastomataceae,Mouriri,collocarpa
4519,Melastomataceae,Mouriri,nervosa
4576,Meliaceae,Guarea,gomma
4585,Meliaceae,Guarea,scabra
4604,Meliaceae,Trichilia,schomburgkii
4703,Indet.,Indet.Indet.,Indet.
4704,Fabaceae,Enterolobium,schomburgkii
4707,Fabaceae,Inga,acreana
4713,Fabaceae,Inga,brachystachys
4722,Fabaceae,Inga,disticha
4728,Fabaceae,Inga,gracilifolia
4740,Fabaceae,Inga,loubryana
4745,Fabaceae,Inga,capitata
4759,Fabaceae,Inga,stipularis
4802,Fabaceae,Parkia,nitida
4806,Fabaceae,Parkia,Indet.
4837,Fabaceae,Zygia,racemosa
4850,Siparunaceae,Siparuna,decipiens
4862,Moraceae,Brosimum,parinarioides
4862,Moraceae,Trymatococcus,oligandrus
4863,Moraceae,Brosimum,rubescens
4864,Moraceae,Brosimum,utile
4899,Moraceae,Ficus,pertusa
4911,Moraceae,Maquira,calophylla
4945,Myristicaceae,Virola,multicostata
4946,Myristicaceae,Virola,sebifera
5027,Myrtaceae,Eugenia,coffeifolia
5160,Myrtaceae,Psidium,striatulum
5237,Ochnaceae,Ouratea,melinonii
5291,Olacaceae,Ptychopetalum,olacoides
6725,Indet.,Indet.Indet.,Indet.
6772,Ochnaceae,Lacunaria,crenata
6780,Ochnaceae,Quiina,guianensis
6887,Apocynaceae,Aspidosperma,carapanauba
6935,Melastomataceae,Miconia,tschudyoides
6942,Rubiaceae,Duroia,micrantha
6976,Rubiaceae,Ferdinandusa,paraensis
7010,Rubiaceae,Isertia,coccinea
7112,Rubiaceae,Posoqueria,latifolia
7114,Rubiaceae,Posoqueria,latifolia
7114,Rubiaceae,Posoqueria,longiflora
7403,Sapindaceae,Cupania,scrobiculata
7416,Sapindaceae,Matayba,arborescens
7504,Sapindaceae,Cupania,scrobiculata
7505,Sapindaceae,Cupania,scrobiculata
7508,Sapindaceae,Toulicia,guianensis
7552,Sapotaceae,Micropholis,melinoniana
7558,Sapotaceae,Micropholis,venulosa
7560,Sapotaceae,Pouteria,ambelaniifolia
7579,Sapotaceae,Pouteria,durlandii
7582,Sapotaceae,Pouteria,engleri
7584,Sapotaceae,Pouteria,filipes
7592,Indet.,Indet.Indet.,Indet.
7601,Sapotaceae,Micropholis,obscura
7601,Sapotaceae,Pouteria,melanopoda
7623,Sapotaceae,Pradosia,cochlearia
7688,Simaroubaceae,Simaba,polyphylla
7689,Simaroubaceae,Simarouba,amara
7825,Indet.,Indet.Indet.,Indet.
7877,Malvaceae,Apeiba,glabra
7892,Malvaceae,Lueheopsis,rosea
7893,Indet.,Indet.Indet.,Indet.
7893,Malvaceae,Lueheopsis,rosea
8014,Violaceae,Amphirrhox,longifolia
8032,Violaceae,Rinorea,amapensis
8090,Vochysiaceae,Qualea,dinizii
8106,Vochysiaceae,Vochysia,tomentosa
8109,Vochysiaceae,Vochysia,guianensis
8191,Fabaceae,Abarema,Indet.
8258,Violaceae,Amphirrhox,Indet.
8271,Lauraceae,Aniba,Indet.
8289,Malvaceae,Apeiba,Indet.
8311,Apocynaceae,Aspidosperma,carapanauba
8327,Arecaceae,Bactris,Indet.
8327,Arecaceae,Syagrus,inajai
8397,Moraceae,Brosimum,guianense
8397,Moraceae,Brosimum,Indet.
8402,Combretaceae,Buchenavia,Indet.
8411,Indet.,Indet.Indet.,Indet.
8445,Indet.,Indet.Indet.,Indet.
8469,Urticaceae,Cecropia,obtusa
8594,Lecythidaceae,Couratari,Indet.
8620,Sapindaceae,Cupania,Indet.
8703,Fabaceae,Diplotropis,Indet.
8779,Indet.,Indet.Indet.,Indet.
8807,Moraceae,Ficus,Indet.
8842,Euphorbiaceae,Glycydendron,Indet.
8915,Apocynaceae,Himatanthus,Indet.
8920,Chrysobalanaceae,Hirtella,Indet.
8962,Fabaceae,Inga,Indet.
8962,Indet.,Indet.Indet.,Indet.
9049,Chrysobalanaceae,Licania,alba
9049,Chrysobalanaceae,Licania,Indet.
9173,Melastomataceae,Miconia,tschudyoides
9173,Urticaceae,Coussapoa,angustifolia
9271,Arecaceae,Oenocarpus,Indet.
9330,Fabaceae,Parkia,nitida
9439,Rubiaceae,Posoqueria,Indet.
9445,Urticaceae,Pourouma,Indet.
9446,Sapotaceae,Pouteria,Indet.
9477,Fabaceae,Swartzia,grandifolia
9485,Vochysiaceae,Qualea,Indet.
9498,Apocynaceae,Rauvolfia,Indet.
9628,Simaroubaceae,Simaba,cedron
9629,Simaroubaceae,Simarouba,Indet.
9704,Styracaceae,Styrax,Indet.
9718,Bignoniaceae,Tabebuia,insignis
9722,Fabaceae,Tachigali,Indet.
9832,Humiriaceae,Vantanea,Indet.
9835,Fabaceae,Vataireopsis,Indet.
9844,Myristicaceae,Virola,Indet.
9846,Lamiaceae,Vitex,Indet.
9879,Annonaceae,Xylopia,Indet.
9884,Rutaceae,Zanthoxylum,pentandrum
9898,Fabaceae,Tachigali,melinonii
9899,Fabaceae,Tachigali,paraensis
28787,Moraceae,Trymatococcus,amazonicus
31137,Sapindaceae,Talisia,macrophylla
33151,Nyctaginaceae,Neea,floribunda
33471,Burseraceae,Indet.Burseraceae,Indet.
33489,Chrysobalanaceae,Indet.Chrysobalanaceae,Indet.
33539,Myristicaceae,Iryanthera,Indet.
33551,Malvaceae,Indet.Malvaceae,Indet.
33556,Meliaceae,Indet.Meliaceae,Indet.
33567,Myristicaceae,Indet.Myristicaceae,Indet.
33574,Ochnaceae,Indet.Ochnaceae,Indet.
33611,Sapotaceae,Indet.Sapotaceae,Indet.
33664,Lauraceae,Rhodostemonodaphne,praeclara
33670,Fabaceae,Tachigali,guianensis
33677,Fabaceae,Tachigali,amplifolia
33679,Annonaceae,Duguetia,calycina
33679,Annonaceae,Guatteria,schomburgkiana
33679,Annonaceae,Unonopsis,rufescens
33679,Annonaceae,Xylopia,crinita
33679,Apocynaceae,Aspidosperma,carapanauba
33679,Apocynaceae,Couma,guianensis
33679,Apocynaceae,Himatanthus,articulatus
33679,Apocynaceae,Parahancornia,fasciculata
33679,Araliaceae,Schefflera,decaphylla
33679,Boraginaceae,Cordia,sagotii
33679,Burseraceae,Protium,gallicum
33679,Burseraceae,Tetragastris,altissima
33679,Calophyllaceae,Caraipa,densifolia
33679,Calophyllaceae,Mahurea,palustris
33679,Capparaceae,Neocalyptrocalyx,maroniensis
33679,Caryocaraceae,Caryocar,glabrum
33679,Chrysobalanaceae,Couepia,caryophylloides
33679,Chrysobalanaceae,Hirtella,racemosa
33679,Chrysobalanaceae,Licania,ovalifolia
33679,Clusiaceae,Garcinia,madruno
33679,Clusiaceae,Moronobea,coccinea
33679,Clusiaceae,Platonia,insignis
33679,Clusiaceae,Symphonia,Indet.
33679,Clusiaceae,Tovomita,Indet.
33679,Elaeocarpaceae,Sloanea,latifolia
33679,Euphorbiaceae,Croton,matourensis
33679,Euphorbiaceae,Mabea,piriri
33679,Euphorbiaceae,Pera,glabrata
33679,Fabaceae,Abarema,curvicarpa
33679,Fabaceae,Dimorphandra,ignea
33679,Fabaceae,Dimorphandra,polyandra
33679,Fabaceae,Eperua,falcata
33679,Fabaceae,Hymenolobium,flavum
33679,Fabaceae,Inga,Indet.
33679,Fabaceae,Inga,lomatophylla
33679,Fabaceae,Macrolobium,bifolium
33679,Fabaceae,Parkia,nitida
33679,Fabaceae,Parkia,pendula
33679,Fabaceae,Swartzia,grandifolia
33679,Fabaceae,Swartzia,polyphylla
33679,Fabaceae,Tachigali,melinonii
33679,Hypericaceae,Vismia,sessilifolia
33679,Indet.,Indet.Indet.,Indet.
33679,Lauraceae,Aniba,hostmanniana
33679,Lauraceae,Aniba,taubertiana
33679,Lauraceae,Licaria,martiniana
33679,Lauraceae,Ocotea,glomerata
33679,Lauraceae,Ocotea,oblonga
33679,Lauraceae,Ocotea,tomentella
33679,Lecythidaceae,Gustavia,hexapetala
33679,Lecythidaceae,Lecythis,corrugata
33679,Lecythidaceae,Lecythis,poiteaui
33679,Malvaceae,Apeiba,glabra
33679,Malvaceae,Catostemma,commune
33679,Malvaceae,Ceiba,pentandra
33679,Malvaceae,Lueheopsis,rosea
33679,Meliaceae,Cedrela,odorata
33679,Moraceae,Bagassa,guianensis
33679,Moraceae,Brosimum,acutifolium
33679,Moraceae,Ficus,nymphaeifolia
33679,Moraceae,Helicostylis,tomentosa
33679,Moraceae,Pseudolmedia,laevis
33679,Myristicaceae,Iryanthera,hostmannii
33679,Olacaceae,Chaunochiton,kappleri
33679,Olacaceae,Minquartia,guianensis
33679,Salicaceae,Casearia,sylvestris
33679,Sapindaceae,Talisia,hexaphylla
33679,Sapotaceae,Ecclinusa,guianensis
33679,Sapotaceae,Indet.Sapotaceae,Indet.
33679,Sapotaceae,Micropholis,egensis
33679,Sapotaceae,Pradosia,cochlearia
33679,Simaroubaceae,Simaba,cedron
33679,Simaroubaceae,Simaba,morettii
33679,Urticaceae,Cecropia,sciadophylla
33679,Vochysiaceae,Erisma,uncinatum
33679,Vochysiaceae,Vochysia,guianensis
33681,Clusiaceae,Garcinia,Indet.
33685,Urticaceae,Pourouma,bicolor subsp. digitata
33686,Urticaceae,Pourouma,melinonii subsp. melinonii
33695,Fabaceae,Inga,sp.14
33707,Chrysobalanaceae,Licania,heteromorpha var. indet. N1
33715,Fabaceae,Inga,sp.15
33717,Moraceae,Helicostylis,sp.1
33726,Myrtaceae,Indet.Myrtaceae,sp.B1
33730,Capparaceae,Indet.Capparaceae,Indet.
33752,Sapotaceae,Pouteria,stipulifera
33783,Sapotaceae,Pouteria,torta subsp. tuberculata
33790,Sapotaceae,Pouteria,sp.34
33791,Fabaceae,Dussia,sp.1
33794,Lauraceae,Indet.Lauraceae,sp.3
33796,Lauraceae,Mezilaurus,sp.1
33801,Fabaceae,Copaifera,sp.1
33808,Lauraceae,Kubitzkia,mezii
33812,Apocynaceae,Malouetia,Indet.
33813,Rutaceae,Esenbeckia,cowanii
33821,Lauraceae,Indet.Lauraceae,sp.41Guyafor
33832,Euphorbiaceae,Croton,sp.1CAY-ATDN
33845,Malpighiaceae,Bunchosia,decussiflora
33846,Connaraceae,Connarus,fasciculatus
33851,Fabaceae,Tachigali,sp.5CAY-ATDN
33865,Indet.,Indet.Indet.,sp.SL1
33868,Lauraceae,Indet.Lauraceae,sp.SL3
33869,Lauraceae,Indet.Lauraceae,sp.SL4
33870,Lauraceae,Indet.Lauraceae,sp.SL5
33877,Myrtaceae,Indet.Myrtaceae,sp.SL1
33879,Myrtaceae,Indet.Myrtaceae,sp.SL11
33880,Myrtaceae,Indet.Myrtaceae,sp.SL12
33886,Myrtaceae,Indet.Myrtaceae,sp.SL6
33887,Myrtaceae,Indet.Myrtaceae,sp.SL7
33888,Myrtaceae,Indet.Myrtaceae,sp.SL8
33893,Violaceae,Gloeospermum,sphaerocarpum
33923,Burseraceae,Dacryodes,sp.4CAY-ATDN
33925,Lecythidaceae,Indet.Lecythidaceae,sp.SL6
3562,Humiriaceae,Humiriastrum,subcrenatum
3564,Humiriaceae,Sacoglottis,cydonioides
3565,Humiriaceae,Humiria,balsamifera
3570,Humiriaceae,Vantanea,guianensis
3572,Humiriaceae,Vantanea,parviflora
3579,Cardiopteridaceae,Dendrobangia,boliviana
3583,Emmotaceae,Emmotum,fagifolium
3592,Chrysobalanaceae,Licania,alba
3601,Ixonanthaceae,Cyrillopsis,paraensis
3650,Lauraceae,Aniba,guianensis
3689,Lauraceae,Aniba,hostmanniana
3713,Lauraceae,Ocotea,amazonica
3714,Lauraceae,Ocotea,argyrophylla
3729,Lauraceae,Ocotea,cinerea
3740,Lauraceae,Ocotea,oblonga
3744,Lauraceae,Sextonia,rubra
3758,Lauraceae,Rhodostemonodaphne,grandis
3768,Lecythidaceae,Couratari,guianensis
3782,Lecythidaceae,Eschweilera,coriacea
3795,Lecythidaceae,Eschweilera,sagotiana
3796,Lecythidaceae,Eschweilera,simiorum
3800,Lecythidaceae,Gustavia,augusta
3802,Rubiaceae,Genipa,americana
3806,Lecythidaceae,Lecythis,poiteaui
3807,Lecythidaceae,Lecythis,confertiflora
3815,Lecythidaceae,Lecythis,chartacea
4009,Malpighiaceae,Byrsonima,densa
4264,Melastomataceae,Bellucia,grossularioides
4370,Melastomataceae,Loreya,arborescens
4404,Melastomataceae,Miconia,acuminata
4415,Melastomataceae,Miconia,argyrophylla
4450,Melastomataceae,Miconia,longifolia
4503,Melastomataceae,Miconia,trinervia
4504,Melastomataceae,Miconia,tschudyoides
4517,Melastomataceae,Mouriri,huberi
4522,Melastomataceae,Mouriri,sagotiana
4570,Meliaceae,Carapa,surinamensis
4583,Meliaceae,Guarea,pubescens
4606,Meliaceae,Trichilia,surinamensis
4659,Fabaceae,Abarema,curvicarpa
4708,Fabaceae,Inga,acrocephala
4712,Fabaceae,Inga,bourgonii
4730,Fabaceae,Inga,huberi
4741,Fabaceae,Inga,melinonis
4742,Indet.,Indet.Indet.,Indet.
4745,Fabaceae,Inga,loubryana
4756,Fabaceae,Inga,splendens
4763,Fabaceae,Inga,virgultosa
4817,Fabaceae,Pseudopiptadenia,psilostachya
4848,Siparunaceae,Siparuna,cristata
4857,Moraceae,Brosimum,acutifolium
4862,Indet.,Indet.Indet.,Indet.
4863,Moraceae,Brosimum,guianense
4874,Moraceae,Ficus,broadwayi
4892,Moraceae,Ficus,nymphaeifolia
4900,Moraceae,Ficus,piresiana
4909,Indet.,Indet.Indet.,Indet.
4909,Moraceae,Helicostylis,tomentosa
4922,Moraceae,Pseudolmedia,laevis
4947,Myristicaceae,Virola,surinamensis
4996,Myrtaceae,Calycolpus,goetheanus
5048,Myrtaceae,Eugenia,lambertiana
5055,Myrtaceae,Eugenia,marowynensis
5063,Myrtaceae,Eugenia,patrisii
5107,Myrtaceae,Myrcia,decorticans
5151,Myrtaceae,Myrciaria,floribunda
5183,Nyctaginaceae,Neea,floribunda
5203,Ochnaceae,Elvasia,macrostipularis
5279,Olacaceae,Chaunochiton,kappleri
5285,Olacaceae,Heisteria,densifrons
5314,Opiliaceae,Agonandra,silvatica
6725,Polygonaceae,Coccoloba,mollis
6791,Fabaceae,Albizia,pedicellaris
6882,Rubiaceae,Capirona,decorticans
6934,Rubiaceae,Duroia,longiflora
6938,Rubiaceae,Duroia,genipoides
7089,Rubiaceae,Palicourea,guianensis
7407,Sapindaceae,Matayba,arborescens
7416,Capparaceae,Neocalyptrocalyx,maroniensis
7479,Sapindaceae,Talisia,carinata
7484,Sapindaceae,Talisia,furfuracea
7505,Sapindaceae,Talisia,sylvatica
7522,Sapotaceae,Chrysophyllum,pomiferum
7530,Sapotaceae,Ecclinusa,guianensis
7538,Sapotaceae,Manilkara,bidentata
7549,Indet.,Indet.Indet.,Indet.
7553,Sapotaceae,Micropholis,mensalis
7572,Sapotaceae,Pouteria,coriacea
7580,Sapotaceae,Pouteria,egregia
7583,Sapotaceae,Pouteria,eugeniifolia
7584,Indet.,Indet.Indet.,Indet.
7592,Sapotaceae,Pouteria,guianensis
7602,Sapotaceae,Pouteria,oblanceolata
7605,Sapotaceae,Pouteria,reticulata
7607,Sapotaceae,Pouteria,retinervis
7612,Sapotaceae,Pouteria,singularis
7616,Indet.,Indet.Indet.,Indet.
7623,Sapotaceae,Pradosia,ptychandra
7625,Sapotaceae,Chrysophyllum,cuneifolium
7625,Sapotaceae,Pradosia,ptychandra
7681,Simaroubaceae,Simaba,cedron
7682,Simaroubaceae,Simaba,guianensis
7817,Indet.,Indet.Indet.,Indet.
7821,Malvaceae,Sterculia,villifera
7825,Malvaceae,Theobroma,subincanum
7893,Malvaceae,Lueheopsis,rugosa
8007,Lamiaceae,Vitex,triflora
8024,Dichapetalaceae,Tapura,capitulifera
8099,Vochysiaceae,Ruizterania,albiflora
8106,Vochysiaceae,Vochysia,densiflora
8266,Fabaceae,Andira,Indet.
8275,Annonaceae,Annona,Indet.
8286,Euphorbiaceae,Mabea,piriri
8289,Bignoniaceae,Tabebuia,insignis
8311,Apocynaceae,Aspidosperma,Indet.
8314,Arecaceae,Astrocaryum,Indet.
8397,Moraceae,Brosimum,rubescens
8397,Moraceae,Trymatococcus,oligandrus
8428,Myrtaceae,Eugenia,coffeifolia
8442,Capparaceae,Capparis,Indet.
8452,Caryocaraceae,Caryocar,glabrum
8454,Salicaceae,Casearia,Indet.
8464,Malvaceae,Catostemma,Indet.
8472,Malvaceae,Ceiba,Indet.
8517,Sapotaceae,Chrysophyllum,Indet.
8592,Chrysobalanaceae,Couepia,Indet.
8594,Lecythidaceae,Couratari,oblongifolia
8606,Burseraceae,Crepidospermum,Indet.
8653,Burseraceae,Dacryodes,Indet.
8722,Putranjivaceae,Drypetes,Indet.
8758,Lauraceae,Endlicheria,Indet.
8788,Indet.,Indet.Indet.,Indet.
8792,Myrtaceae,Eugenia,Indet.
8862,Meliaceae,Guarea,Indet.
8869,Lecythidaceae,Gustavia,Indet.
8930,Humiriaceae,Humiriastrum,Indet.
8944,Fabaceae,Hymenaea,Indet.
8946,Fabaceae,Hymenolobium,Indet.
9034,Violaceae,Leonia,Indet.
9049,Chrysobalanaceae,Licania,licaniiflora
9049,Euphorbiaceae,Pogonophora,schomburgkiana
9050,Lauraceae,Licaria,Indet.
9088,Fabaceae,Machaerium,Indet.
9138,Sapindaceae,Matayba,Indet.
9147,Celastraceae,Maytenus,Indet.
9153,Sapindaceae,Melicoccus,Indet.
9210,Melastomataceae,Mouriri,Indet.
9263,Lauraceae,Ocotea,cinerea
9263,Lauraceae,Ocotea,Indet.
9286,Fabaceae,Ormosia,Indet.
9300,Ochnaceae,Ouratea,Indet.
9302,Annonaceae,Oxandra,asbeckii
9424,Euphorbiaceae,Pogonophora,Indet.
9446,Sapotaceae,Micropholis,obscura
9456,Burseraceae,Protium,Indet.
9467,Fabaceae,Pseudopiptadenia,Indet.
9467,Fabaceae,Pseudopiptadenia,suaveolens
9474,Rubiaceae,Psychotria,Indet.
9477,Fabaceae,Paramachaerium,ormosioides
9477,Fabaceae,Pterocarpus,Indet.
9477,Fabaceae,Pterocarpus,officinalis
9560,Humiriaceae,Sacoglottis,Indet.
9639,Elaeocarpaceae,Sloanea,latifolia
9701,Fabaceae,Stryphnodendron,Indet.
9706,Fabaceae,Pterocarpus,rohrii
9718,Bignoniaceae,Tabebuia,Indet.
9719,Apocynaceae,Tabernaemontana,Indet.
9742,Burseraceae,Tetragastris,Indet.
9742,Indet.,Indet.Indet.,Indet.
9759,Anacardiaceae,Thyrsodium,Indet.
9774,Clusiaceae,Tovomita,Indet.
9774,Indet.,Indet.Indet.,Indet.
9780,Burseraceae,Trattinnickia,Indet.
9811,Moraceae,Trymatococcus,Indet.
9821,Annonaceae,Unonopsis,Indet.
9834,Fabaceae,Vataireopsis,surinamensis
9845,Hypericaceae,Vismia,Indet.
9879,Annonaceae,Xylopia,surinamensis
13093,Malvaceae,Pachira,dolichocalyx
33453,Arecaceae,Syagrus,inajai
33471,Indet.,Indet.Indet.,Indet.
33539,Indet.,Indet.Indet.,Indet.
33572,Nyctaginaceae,Indet.Nyctaginaceae,Indet.
33610,Sapindaceae,Indet.Sapindaceae,Indet.
33642,Vochysiaceae,Indet.Vochysiaceae,Indet.
33649,Fabaceae,Inga,cylindrica
33679,Anacardiaceae,Astronium,ulei
33679,Annonaceae,Annona,ambotay
33679,Annonaceae,Guatteria,punctata
33679,Annonaceae,Xylopia,nitida
33679,Annonaceae,Xylopia,pulcherrima
33679,Apocynaceae,Aspidosperma,Indet.
33679,Apocynaceae,Geissospermum,argenteum
33679,Apocynaceae,Himatanthus,bracteatus
33679,Arecaceae,Astrocaryum,sciophilum
33679,Arecaceae,Attalea,maripa
33679,Arecaceae,Oenocarpus,bataua
33679,Arecaceae,Socratea,exorrhiza
33679,Burseraceae,Protium,opacum
33679,Burseraceae,Tetragastris,hostmannii
33679,Burseraceae,Trattinnickia,rhoifolia
33679,Cardiopteridaceae,Dendrobangia,boliviana
33679,Chrysobalanaceae,Licania,membranacea
33679,Chrysobalanaceae,Parinari,rodolphii
33679,Clusiaceae,Tovomita,brasiliensis
33679,Combretaceae,Terminalia,guyanensis
33679,Euphorbiaceae,Conceveiba,guianensis
33679,Euphorbiaceae,Sagotia,racemosa
33679,Euphorbiaceae,Sandwithia,guyanensis
33679,Fabaceae,Cedrelinga,cateniformis
33679,Fabaceae,Chamaecrista,apoucouita
33679,Fabaceae,Enterolobium,schomburgkii
33679,Fabaceae,Eperua,grandiflora
33679,Fabaceae,Inga,cayennensis
33679,Fabaceae,Inga,rubiginosa
33679,Fabaceae,Inga,sertulifera
33679,Fabaceae,Paramachaerium,ormosioides
33679,Fabaceae,Parkia,Indet.
33679,Fabaceae,Platymiscium,pinnatum
33679,Fabaceae,Swartzia,arborescens
33679,Fabaceae,Swartzia,leblondii
33679,Fabaceae,Tachigali,Indet.
33679,Fabaceae,Tachigali,sp.B
33679,Humiriaceae,Humiria,balsamifera
33679,Humiriaceae,Humiriastrum,subcrenatum
33679,Humiriaceae,Sacoglottis,cydonioides
33679,Icacinaceae,Poraqueiba,guianensis
33679,Lamiaceae,Vitex,triflora
33679,Lauraceae,Aniba,rosaeodora
33679,Lauraceae,Ocotea,argyrophylla
33679,Lauraceae,Ocotea,cinerea
33679,Lecythidaceae,Couratari,multiflora
33679,Lecythidaceae,Couratari,oblongifolia
33679,Lecythidaceae,Lecythis,chartacea
33679,Malvaceae,Catostemma,fragrans
33679,Malvaceae,Eriotheca,globosa
33679,Malvaceae,Theobroma,subincanum
33679,Melastomataceae,Mouriri,crassifolia
33679,Melastomataceae,Mouriri,nigra
33679,Meliaceae,Guarea,pubescens
33679,Moraceae,Ficus,piresiana
33679,Moraceae,Perebea,mollis
33679,Myristicaceae,Iryanthera,sagotiana
33679,Myristicaceae,Virola,kwatae
33679,Myristicaceae,Virola,michelii
33679,Myristicaceae,Virola,surinamensis
33679,Myrtaceae,Eugenia,coffeifolia
33679,Myrtaceae,Eugenia,Indet.
33679,Myrtaceae,Psidium,striatulum
33679,Polygonaceae,Coccoloba,mollis
33679,Putranjivaceae,Drypetes,fanshawei
33679,Rubiaceae,Chimarrhis,turbinata
33679,Rubiaceae,Duroia,aquatica
33679,Rubiaceae,Palicourea,guianensis
33679,Salicaceae,Casearia,javitensis
33679,Salicaceae,Casearia,pitumba
33679,Salicaceae,Laetia,procera
33679,Sapindaceae,Matayba,arborescens
33679,Sapotaceae,Chrysophyllum,cuneifolium
33679,Sapotaceae,Chrysophyllum,prieurii
33679,Sapotaceae,Micropholis,obscura
33679,Sapotaceae,Pouteria,engleri
33679,Sapotaceae,Pradosia,ptychandra
33679,Urticaceae,Cecropia,obtusa
33679,Vochysiaceae,Qualea,caerulea
33679,Vochysiaceae,Qualea,rosea
33679,Vochysiaceae,Vochysia,neyratii
33689,Sapotaceae,Micropholis,guyanensis subsp. guyanensis
33691,Sapotaceae,Pouteria,torta subsp. glabra
33693,Fabaceae,Inga,sp.13
33710,Fabaceae,Swartzia,sp.3
33713,Sapotaceae,Pouteria,sp.30
33714,Lauraceae,Indet.Lauraceae,sp.18
33784,Sapotaceae,Pouteria,venosa subsp. amazonica
33786,Rubiaceae,Alibertia,Indet.
33788,Clusiaceae,Tovomita,sp.9
33799,Lauraceae,Indet.Lauraceae,sp.7
33816,Myrtaceae,Indet.Myrtaceae,sp.9CAY-ATDN
33827,Rubiaceae,Ixora,pubescens
33831,Myrtaceae,Indet.Myrtaceae,sp.C5
33835,Myrtaceae,Indet.Myrtaceae,sp.C1
33847,Sapindaceae,Pseudima,frutescens
33852,Nyctaginaceae,Indet.Nyctaginaceae,sp.1CAY-ATDN
33878,Myrtaceae,Indet.Myrtaceae,sp.SL10
33882,Myrtaceae,Indet.Myrtaceae,sp.SL2
33883,Myrtaceae,Indet.Myrtaceae,sp.SL3
33885,Myrtaceae,Indet.Myrtaceae,sp.SL5
33889,Myrtaceae,Indet.Myrtaceae,sp.SL9
33890,Rubiaceae,Indet.Rubiaceae,sp.SL1
33891,Rubiaceae,Randia,armata
33896,Fabaceae,Inga,sp.17CAY-ATDN
33902,Rubiaceae,Ixora,sp.SL1
33919,Fabaceae,Ormosia,paraensis
33920,Lecythidaceae,Lecythis,corrugata subsp. corrugata
33921,Moraceae,Ficus,pulchella
33924,Burseraceae,Protium,sp.3CAY-ATDN
33926,Boraginaceae,Cordia,sp.1CAY-ATDN
33928,Myrtaceae,Indet.Myrtaceae,sp.C3
33932,Salicaceae,Casearia,sp.2CAY-ATDN
33934,Salicaceae,Casearia,sp.5CAY-ATDN
33940,Fabaceae,Enterolobium,sp.1CAY-ATDN
33944,Myrtaceae,Eugenia,sp.28CAY-ATDN
33949,Myrtaceae,Eugenia,sp.FG27-Holst
33953,Nyctaginaceae,Guapira,sp.1CAY-ATDN
33954,Bignoniaceae,Handroanthus,subtilis_form2
33955,Aquifoliaceae,Ilex,sp.2CAY-ATDN
33958,Anacardiaceae,Indet.Anacardiaceae,sp.1CAY-ATDN
33960,Chrysobalanaceae,Indet.Chrysobalanaceae,sp.2CAY-ATDN
33961,Fabaceae,Indet.Fabaceae,sp.2CAY-ATDN
33962,Indet.,Indet.Indet.,sp.1Guyafor
33964,Lauraceae,Indet.Lauraceae,sp.25CAY-ATDN
33973,Lauraceae,Indet.Lauraceae,sp.37CAY-ATDN
33976,Lauraceae,Indet.Lauraceae,sp.42Guyafor
33978,Lauraceae,Indet.Lauraceae,sp.44Guyafor
33980,Lauraceae,Indet.Lauraceae,sp.46Guyafor
33984,Lecythidaceae,Indet.Lecythidaceae,sp.4Guyafor
33986,Lecythidaceae,Indet.Lecythidaceae,sp.6Guyafor
34001,Nyctaginaceae,Indet.Nyctaginaceae,sp.7CAY-ATDN
34002,Nyctaginaceae,Indet.Nyctaginaceae,sp.8CAY-ATDN
34003,Sapindaceae,Indet.Sapindaceae,sp.2CAY-ATDN
34008,Fabaceae,Inga,sp.14CAY-ATDN
34009,Fabaceae,Inga,sp.15CAY-ATDN
34015,Celastraceae,Maytenus,sp.1CAY-ATDN
34021,Melastomataceae,Mouriri,sp.2CAY-ATDN
34023,Lauraceae,Ocotea,sp.17Guyafor
34025,Fabaceae,Peltogyne,sp.1CAY-ATDN
34031,Sapotaceae,Pouteria,sp.37CAY-ATDN
34035,Sapotaceae,Pouteria,sp.46Guyafor
34045,Elaeocarpaceae,Sloanea,sp.20CAY-ATDN
34047,Elaeocarpaceae,Sloanea,sp.22CAY-ATDN
34050,Elaeocarpaceae,Sloanea,sp.30CAY-ATDN
34059,Malvaceae,Sterculia,sp.1CAY-ATDN
34063,Pentaphylacaceae,Ternstroemia,delicatula
34064,Clusiaceae,Tovomita,sp.10CAY-ATDN
34072,Clusiaceae,Clusia,platystigma
34084,Myrtaceae,Eugenia,sp.FG6-Holst
34092,Lauraceae,Indet.Lauraceae,sp.20CAY-ATDN
34096,Lauraceae,Indet.Lauraceae,sp.33CAY-ATDN
34099,Myrtaceae,Indet.Myrtaceae,sp.FG6-Holst
34106,Celastraceae,Maytenus,sp.2CAY-ATDN
34112,Sapotaceae,Pouteria,sp.40CAY-ATDN
34113,Siparunaceae,Siparuna,Indet.
34115,Elaeocarpaceae,Sloanea,sp.29CAY-ATDN
34118,Meliaceae,Trichilia,sp.4CAY-ATDN
34126,Lauraceae,Nectandra,Indet.
34129,Lauraceae,Pleurothyrium,Indet.
34131,Celastraceae,Salacia,Indet.
34132,Euphorbiaceae,Sapium,Indet.
34133,Malvaceae,Theobroma,speciosum
33927,Elaeocarpaceae,Sloanea,sp.25CAY-ATDN
33930,Bixaceae,Bixa,arborea
33935,Euphorbiaceae,Chaetocarpus,sp.1CAY-ATDN
33936,Sapotaceae,Chrysophyllum,sp.7CAY-ATDN
33938,Primulaceae,Cybianthus,sp.5CAY-ATDN
33939,Sapotaceae,Elaeoluma,Indet.
33945,Myrtaceae,Eugenia,sp.FG13-Holst
33946,Myrtaceae,Eugenia,sp.FG14-Holst
33950,Myrtaceae,Eugenia,sp.FG9-Holst
33952,Chrysobalanaceae,Gaulettia,parillo
33957,Aquifoliaceae,Ilex,sp.6CAY-ATDN
33965,Lauraceae,Indet.Lauraceae,sp.26CAY-ATDN
33970,Lauraceae,Indet.Lauraceae,sp.34CAY-ATDN
33972,Lauraceae,Indet.Lauraceae,sp.36CAY-ATDN
33974,Lauraceae,Indet.Lauraceae,sp.38Guyafor
33977,Lauraceae,Indet.Lauraceae,sp.43Guyafor
33979,Lauraceae,Indet.Lauraceae,sp.45Guyafor
33981,Lauraceae,Indet.Lauraceae,sp.7CAY-ATDN
33982,Lauraceae,Indet.Lauraceae,sp.8CAY-ATDN
33987,Lecythidaceae,Indet.Lecythidaceae,sp.7Guyafor
33988,Lecythidaceae,Indet.Lecythidaceae,sp.8Guyafor
33990,Myrtaceae,Indet.Myrtaceae,sp.33CAY-ATDN
33991,Myrtaceae,Indet.Myrtaceae,sp.36CAY-ATDN
33992,Myrtaceae,Indet.Myrtaceae,sp.FG1-Holst
33993,Myrtaceae,Indet.Myrtaceae,sp.FG2-Holst
33994,Nyctaginaceae,Indet.Nyctaginaceae,sp.11CAY-ATDN
33998,Nyctaginaceae,Indet.Nyctaginaceae,sp.15CAY-ATDN
34000,Nyctaginaceae,Indet.Nyctaginaceae,sp.6CAY-ATDN
34004,Sapotaceae,Indet.Sapotaceae,sp.4CAY-ATDN
34006,Fabaceae,Inga,sp.12CAY-ATDN
34010,Fabaceae,Inga,sp.16CAY-ATDN
34013,Euphorbiaceae,Mabea,sp.1CAY-ATDN
34022,Lauraceae,Ocotea,sp.13CAY-ATDN
34028,Urticaceae,Pourouma,sp.6CAY-ATDN
34033,Sapotaceae,Pouteria,sp.44CAY-ATDN
34038,Ochnaceae,Quiina,sp.1CAY-ATDN
34039,Ochnaceae,Quiina,sp.3CAY-ATDN
34044,Elaeocarpaceae,Sloanea,sp.17CAY-ATDN
34049,Elaeocarpaceae,Sloanea,sp.2CAY-ATDN
34054,Elaeocarpaceae,Sloanea,sp.35Guyafor
34055,Elaeocarpaceae,Sloanea,sp.36Guyafor
34061,Fabaceae,Tachigali,melanocarpa
34066,Clusiaceae,Tovomita,sp.18CAY-ATDN
34067,Clusiaceae,Tovomita,sp.22CAY-ATDN
34074,Fabaceae,Inga,grandifolia
34075,Fabaceae,Inga,semialata
34076,Annonaceae,Xylopia,cuspidata
34081,Primulaceae,Cybianthus,sp.4CAY-ATDN
34083,Malvaceae,Eriotheca,sp.4CAY-ATDN
34087,Clusiaceae,Indet.Clusiaceae,Indet.
34090,Lauraceae,Indet.Lauraceae,sp.11CAY-ATDN
34094,Lauraceae,Indet.Lauraceae,sp.27CAY-ATDN
34097,Myrtaceae,Indet.Myrtaceae,sp.34CAY-ATDN
34100,Nyctaginaceae,Indet.Nyctaginaceae,sp.9CAY-ATDN
34104,Violaceae,Indet.Violaceae,Indet.
34105,Bignoniaceae,Jacaranda,Indet.
34108,Icacinaceae,Poraqueiba,Indet.
34117,Clusiaceae,Tovomita,sp.19CAY-ATDN
34119,Salicaceae,Banara,Indet.
34137,Moraceae,Brosimum,parinarioides subsp. parinarioides
34139,Lecythidaceae,Eschweilera,sp.3
33814,Fabaceae,Paloue,sp.2CAY-ATDN
33815,Combretaceae,Terminalia,sp.1CAY-ATDN
33817,Rubiaceae,Indet.Rubiaceae,sp.2CAY-ATDN
33819,Sapotaceae,Pouteria,sp.41CAY-ATDN
33836,Chrysobalanaceae,Licania,sp.6CAY-ATDN
33838,Lecythidaceae,Indet.Lecythidaceae,sp.3Guyafor
33844,Achariaceae,Carpotroche,crispidentata
33855,Arecaceae,Geonoma,Indet.
33858,Burseraceae,Indet.Burseraceae,sp.SL1
33862,Fabaceae,Zygia,Indet.
33864,Fabaceae,Indet.Fabaceae,sp.1CAY-ATDN
33871,Lauraceae,Indet.Lauraceae,sp.SL6
33873,Lauraceae,Indet.Lauraceae,sp.SL8
33884,Myrtaceae,Indet.Myrtaceae,sp.SL4
33892,Sapindaceae,Indet.Sapindaceae,sp.SL1
33907,Ochnaceae,Ouratea,candollei
33908,Sapotaceae,Pouteria,sp.43CAY-ATDN
33913,Malvaceae,Sterculia,sp.2CAY-ATDN
33918,Indet.,Indet.Indet.,Indet.
33929,Apocynaceae,Aspidosperma,sp.1CAY-ATDN
33931,Salicaceae,Casearia,sp.1CAY-ATDN
33937,Sapotaceae,Chrysophyllum,sp.8CAY-ATDN
33941,Malvaceae,Eriotheca,sp.2CAY-ATDN
33943,Erythroxylaceae,Erythroxylum,sp.1CAY-ATDN
33947,Myrtaceae,Eugenia,sp.FG20-Holst
33948,Myrtaceae,Eugenia,sp.FG21-Holst
33956,Aquifoliaceae,Ilex,sp.5CAY-ATDN
33963,Indet.,Indet.Indet.,sp.3Guyafor
33971,Lauraceae,Indet.Lauraceae,sp.35CAY-ATDN
33985,Lecythidaceae,Indet.Lecythidaceae,sp.5Guyafor
33989,Fabaceae,Indet.Mimosaceae,Indet.
33995,Nyctaginaceae,Indet.Nyctaginaceae,sp.12CAY-ATDN
33997,Nyctaginaceae,Indet.Nyctaginaceae,sp.14CAY-ATDN
34007,Fabaceae,Inga,sp.13CAY-ATDN
34014,Sapindaceae,Matayba,sp.2CAY-ATDN
34016,Celastraceae,Maytenus,sp.5CAY-ATDN
34017,Celastraceae,Maytenus,sp.6CAY-ATDN
34018,Celastraceae,Maytenus,sp.7CAY-ATDN
34019,Lauraceae,Mezilaurus,sp.1CAY-ATDN
34029,Sapotaceae,Pouteria,sp.28CAY-ATDN
34030,Sapotaceae,Pouteria,sp.35CAY-ATDN
34032,Sapotaceae,Pouteria,sp.42CAY-ATDN
34040,Violaceae,Rinorea,sp.1CAY-ATDN
34041,Elaeocarpaceae,Sloanea,latifolia_form2
34043,Elaeocarpaceae,Sloanea,sp.14CAY-ATDN
34051,Elaeocarpaceae,Sloanea,sp.32CAY-ATDN
34052,Elaeocarpaceae,Sloanea,sp.33CAY-ATDN
34056,Elaeocarpaceae,Sloanea,sp.4CAY-ATDN
34058,Elaeocarpaceae,Sloanea,sp.8CAY-ATDN
34060,Fabaceae,Stryphnodendron,sp.3CAY-ATDN
34065,Clusiaceae,Tovomita,sp.11CAY-ATDN
34073,Fabaceae,Inga,glandulosa
34077,Apocynaceae,Aspidosperma,desmanthum_form1
34079,Malpighiaceae,Bunchosia,Indet.
34085,Moraceae,Ficus,sp.1CAY-ATDN
34086,Araliaceae,Indet.Araliaceae,Indet.
34088,Dilleniaceae,Indet.Dilleniaceae,Indet.
34091,Lauraceae,Indet.Lauraceae,sp.18CAY-ATDN
34093,Lauraceae,Indet.Lauraceae,sp.24CAY-ATDN
34098,Myrtaceae,Indet.Myrtaceae,sp.35CAY-ATDN
34103,Rubiaceae,Indet.Rubiaceae,sp.5CAY-ATDN
34109,Urticaceae,Pourouma,sp.5CAY-ATDN
34110,Sapotaceae,Pouteria,sp.38CAY-ATDN
34111,Sapotaceae,Pouteria,sp.39CAY-ATDN
34114,Elaeocarpaceae,Sloanea,sp.23CAY-ATDN
34120,Moraceae,Batocarpus,amazonicus
34121,Malvaceae,Bombax,Indet.
34122,Fabaceae,Cassia,Indet.
34123,Urticaceae,Coussapoa,Indet.
34127,Nyctaginaceae,Neea,aff.floribunda
33866,Lauraceae,Indet.Lauraceae,sp.SL1
33867,Lauraceae,Indet.Lauraceae,sp.SL2
33881,Myrtaceae,Indet.Myrtaceae,sp.SL13
33922,Euphorbiaceae,Mabea,speciosa subsp. obovata
33933,Salicaceae,Casearia,sp.4CAY-ATDN
33942,Erythroxylaceae,Erythroxylum,lineolatum
33951,Clusiaceae,Garcinia,sp.2Guyafor
33959,Chrysobalanaceae,Indet.Chrysobalanaceae,sp.1CAY-ATDN
33966,Lauraceae,Indet.Lauraceae,sp.28CAY-ATDN
33967,Lauraceae,Indet.Lauraceae,sp.29CAY-ATDN
33968,Lauraceae,Indet.Lauraceae,sp.30CAY-ATDN
33969,Lauraceae,Indet.Lauraceae,sp.31CAY-ATDN
33975,Lauraceae,Indet.Lauraceae,sp.39Guyafor
33983,Lecythidaceae,Indet.Lecythidaceae,sp.1Guyafor
33996,Nyctaginaceae,Indet.Nyctaginaceae,sp.13CAY-ATDN
33999,Nyctaginaceae,Indet.Nyctaginaceae,sp.4CAY-ATDN
34005,Violaceae,Indet.Violaceae,sp.1CAY-ATDN
34011,Fabaceae,Inga,sp.18CAY-ATDN
34012,Chrysobalanaceae,Licania,polita
34020,Sapotaceae,Micropholis,sp.1CAY-ATDN
34024,Fabaceae,Parkia,sp.3CAY-ATDN
34026,Fabaceae,Peltogyne,sp.2CAY-ATDN
34027,Urticaceae,Pourouma,sp.2CAY-ATDN
34034,Sapotaceae,Pouteria,sp.45CAY-ATDN
34036,Burseraceae,Protium,sp.1CAY-ATDN
34037,Vochysiaceae,Qualea,sp.1CAY-ATDN
34042,Elaeocarpaceae,Sloanea,sp.11CAY-ATDN
34046,Elaeocarpaceae,Sloanea,sp.21CAY-ATDN
34048,Elaeocarpaceae,Sloanea,sp.24CAY-ATDN
34053,Elaeocarpaceae,Sloanea,sp.34CAY-ATDN
34057,Elaeocarpaceae,Sloanea,sp.5CAY-ATDN
34062,Sapindaceae,Talisia,sp.2CAY-ATDN
34068,Clusiaceae,Tovomita,sp.3CAY-ATDN
34069,Clusiaceae,Tovomita,sp.5CAY-ATDN
34070,Clusiaceae,Tovomita,sp.9CAY-ATDN
34071,Hypericaceae,Vismia,sp.1Guyafor
34078,Apocynaceae,Aspidosperma,desmanthum_form2
34080,Salicaceae,Casearia,sp.B-Mori
34082,Malvaceae,Eriotheca,sp.3CAY-ATDN
34089,Indet.,Indet.Indet.,sp.2Guyafor
34101,Rubiaceae,Indet.Rubiaceae,sp.3CAY-ATDN
34102,Rubiaceae,Indet.Rubiaceae,sp.4CAY-ATDN
34107,Nyctaginaceae,Neea,sp.3CAY-ATDN
34116,Clusiaceae,Tovomita,sp.17CAY-ATDN
34124,Lacistemataceae,Lacistema,Indet.
34125,Malvaceae,Luehea,Indet.
34128,Moraceae,Perebea,Indet.
34130,Burseraceae,Protium,araguense
34134,Primulaceae,Embelia,Indet.
34135,Sapotaceae,Chrysophyllum,argenteum subsp. Nitidum
34136,Euphorbiaceae,Hevea,guianensis var. guianensis
34138,Lecythidaceae,Lecythis,persistens subsp. persistens
34140,Fabaceae,Inga,sp.12
34141,Myrtaceae,Indet.Myrtaceae,sp.22
34142,Sapotaceae,Pouteria,sp.2
34143,Lauraceae,Ocotea,sp.16
